mu1,mu2,sigma1,sigma2,w1,w2
4.31337,2.22563,1.16372,0.241297,0.754941,0.245154
3.99405,2.09547,0.925793,0.219923,0.655795,0.344226
4.04057,2.17084,1.2002,0.252476,0.765462,0.234529
3.83933,2.1288,1.12681,0.225502,0.681626,0.318409
4.21158,2.18302,1.11048,0.200577,0.725427,0.274662
4.31258,2.1821,1.09098,0.19505,0.744355,0.25558
4.15414,2.12564,1.06022,0.254197,0.678275,0.321816
4.23404,2.19968,1.2322,0.230769,0.753343,0.246742
4.07557,2.11425,1.25761,0.303746,0.688416,0.311687
4.16962,2.18461,1.25903,0.245651,0.740913,0.25913
4.24213,2.14996,1.00185,0.248709,0.757216,0.242775
4.24341,2.22605,1.03443,0.202986,0.760904,0.239075
1.412,8.03934,0.324342,2.70322,0.733671,0.266402
1.50508,8.96324,0.298685,2.8842,0.799338,0.200759
4.11372,2.15523,1.15601,0.241806,0.788107,0.211939
3.98319,2.07491,1.04589,0.229971,0.695106,0.304852
4.08562,2.09212,1.0472,0.308158,0.700792,0.29929
4.15322,2.15359,1.32381,0.321573,0.696263,0.303745
4.23509,2.21123,1.0019,0.284882,0.736344,0.263729
4.28069,2.1489,0.998987,0.216717,0.7488,0.251197
1.50596,8.01327,0.338662,3.08584,0.762925,0.237131
4.14849,2.16275,1.09449,0.271793,0.716022,0.283867
3.91417,2.10962,0.979528,0.208101,0.680394,0.319709
1.48598,9.4081,0.313344,2.82134,0.774234,0.22584
4.47627,2.29257,1.19204,0.241542,0.809416,0.190671
4.12491,2.0448,1.20577,0.196342,0.687343,0.312624
4.34549,2.2764,1.20225,0.273119,0.803237,0.196789
4.19387,2.05182,0.907106,0.247718,0.668873,0.331145
4.07255,2.10295,1.05808,0.265917,0.719892,0.280165
4.09914,2.12739,1.22652,0.278289,0.697636,0.302376
4.42207,2.23033,1.44624,0.269619,0.833265,0.166686
3.71455,2.00915,0.752298,0.24317,0.681442,0.318627
4.3484,2.23845,1.12122,0.21085,0.774347,0.225731
3.8448,2.16384,1.00771,0.263769,0.690172,0.309981
4.32265,2.21589,1.20257,0.256759,0.75778,0.242254
1.43343,9.39755,0.354053,3.17783,0.744987,0.255092
4.07519,2.11524,1.18716,0.250898,0.72874,0.271319
1.48329,9.08542,0.321386,2.74866,0.787617,0.212404
4.39361,2.15977,1.33334,0.288683,0.741648,0.258333
1.47553,8.07691,0.338076,2.95066,0.703379,0.296643
4.01485,2.06204,0.943578,0.256928,0.696528,0.30357
1.36751,9.35015,0.338063,2.72794,0.764073,0.236019
1.38257,8.53489,0.31582,1.81551,0.718266,0.281805
1.45134,8.1213,0.297109,2.55603,0.688405,0.311675
4.27328,2.22003,1.17183,0.209352,0.79261,0.207501
1.35049,7.86572,0.316897,2.17547,0.671301,0.328777
1.47303,8.82995,0.344201,2.86716,0.800125,0.199929
1.33382,9.02823,0.317392,2.42484,0.681216,0.31889
4.33219,2.07997,1.25244,0.266023,0.717562,0.282464
4.27399,2.16727,1.01807,0.217794,0.746138,0.253941
1.45082,8.25626,0.327303,2.91569,0.689378,0.310638
4.01006,2.14974,0.828206,0.230797,0.709087,0.290915
4.34905,2.1082,0.991803,0.283173,0.711804,0.288275
4.02785,2.1072,1.02871,0.194324,0.665616,0.334376
1.42834,8.28772,0.328389,2.94786,0.732234,0.267934
1.40471,8.96747,0.279727,2.56456,0.731392,0.268639
3.96861,2.20073,1.02403,0.240184,0.701204,0.298875
1.51259,9.13084,0.372381,3.47404,0.78631,0.213713
4.29445,2.18415,1.23149,0.247648,0.734865,0.265235
4.19239,2.25147,1.17239,0.214215,0.756691,0.24337
4.5421,2.33002,1.46056,0.156738,0.794124,0.205912
1.38541,9.15788,0.341338,2.48223,0.754973,0.245049
1.39262,8.34009,0.320617,2.48487,0.704884,0.295151
4.42014,2.26692,1.28946,0.250737,0.788198,0.211831
1.44265,8.5781,0.37269,3.68178,0.775282,0.224766
3.99793,2.10526,0.903352,0.235536,0.715469,0.284614
4.36321,2.20481,1.21946,0.264871,0.754359,0.245697
4.0056,2.13183,1.11715,0.224824,0.730388,0.269618
1.50789,10.1769,0.28634,2.52207,0.81167,0.188331
4.05569,2.26259,1.29207,0.205447,0.736447,0.263641
3.92834,2.09031,1.07003,0.264401,0.713278,0.286718
4.08335,2.12617,0.954274,0.221099,0.664572,0.335542
4.27904,2.14432,1.20659,0.311521,0.753538,0.246586
1.46912,7.7882,0.30173,2.82961,0.662351,0.337671
1.46978,8.30977,0.281107,2.74033,0.694568,0.305424
1.49493,9.60597,0.280744,3.50309,0.788819,0.211175
4.68806,2.24038,1.26274,0.292501,0.838569,0.161508
1.41957,9.17315,0.328879,2.79,0.740943,0.25915
4.21155,2.12966,0.916933,0.214722,0.703946,0.296162
1.49821,9.96038,0.286547,3.91943,0.741562,0.258643
4.332,2.08695,1.09206,0.222018,0.719217,0.280824
4.24147,2.18955,1.32105,0.253649,0.787921,0.212081
4.04243,2.09654,0.881055,0.241632,0.696885,0.303078
4.08312,2.09802,1.01186,0.266124,0.68392,0.316217
1.33638,9.33198,0.33343,2.81258,0.771542,0.228516
1.45172,9.90428,0.310586,1.51667,0.824524,0.175521
4.16891,2.21949,1.06947,0.204357,0.723396,0.276739
4.18027,2.19604,1.30457,0.247724,0.750669,0.249413
4.57527,2.28592,1.4281,0.265251,0.833726,0.166209
4.02864,2.16423,1.03585,0.225016,0.746976,0.253043
4.28126,2.06974,1.05736,0.246074,0.720964,0.279061
4.37622,2.1178,1.21526,0.238713,0.745616,0.254389
4.10943,2.10878,1.23538,0.282702,0.70892,0.291151
4.38852,2.1402,1.08967,0.228952,0.752756,0.247283
4.35654,2.19521,1.21752,0.243727,0.780967,0.219101
3.90336,2.03754,0.812315,0.253109,0.693232,0.306775
4.04011,2.03904,0.953135,0.248441,0.73375,0.266327
1.42502,9.02885,0.301839,3.13985,0.774893,0.225108
3.83643,2.13837,1.07859,0.245948,0.725685,0.274342
4.2785,2.22792,1.16972,0.228445,0.762989,0.237123
4.00261,2.14333,0.955133,0.24607,0.736042,0.264054
4.2635,2.12742,0.997742,0.240723,0.712873,0.287172
4.19838,2.0758,1.13594,0.245739,0.722026,0.278014
4.14681,2.18852,1.12171,0.265659,0.746989,0.253078
4.20999,2.08471,1.04667,0.225513,0.727645,0.272405
4.09511,2.12471,1.1107,0.258294,0.754948,0.245092
3.96961,2.11533,1.21662,0.24513,0.72456,0.275524
4.04854,2.21111,1.02306,0.268498,0.749395,0.250642
1.50727,8.64599,0.286772,2.84437,0.718136,0.281971
4.17861,2.09369,0.796586,0.276541,0.713396,0.286604
4.23885,2.15696,1.16711,0.215214,0.7741,0.226091
1.49047,8.56236,0.338463,3.24414,0.774906,0.225154
4.32004,2.09815,1.04433,0.205269,0.764873,0.235134
4.0758,2.15071,0.978833,0.264306,0.692438,0.307604
4.0557,2.18652,1.06209,0.236694,0.752645,0.247418
4.13475,2.17061,1.11101,0.208179,0.714966,0.285063
4.09384,2.15376,1.05293,0.225477,0.701688,0.298307
4.29629,2.20462,0.966906,0.253494,0.741924,0.258085
1.46695,8.70341,0.353383,2.32447,0.709851,0.290187
4.16179,2.14006,1.01853,0.227675,0.747086,0.252927
4.26913,2.13353,1.03727,0.275904,0.725662,0.274402
4.34705,2.23151,1.24652,0.216017,0.779657,0.220505
1.3544,8.39015,0.309123,3.04846,0.71884,0.28123
1.49109,8.90875,0.372361,2.93693,0.804418,0.195596
1.45244,8.99268,0.348096,3.42939,0.691602,0.308434
3.84922,2.14534,0.819114,0.231877,0.680305,0.319776
1.43875,8.81166,0.41263,2.52597,0.7952,0.204778
1.40761,9.19024,0.27753,2.45648,0.757623,0.242407
4.09053,2.07842,0.844706,0.268103,0.686269,0.313809
3.90219,2.06943,0.962962,0.201294,0.729816,0.270208
4.29492,2.19883,0.926511,0.29066,0.767142,0.232874
4.30335,2.15108,1.26851,0.239955,0.754402,0.245658
3.93184,2.08946,0.822808,0.2987,0.710574,0.289427
3.84178,2.13902,1.04449,0.272988,0.677119,0.322867
4.47771,2.20129,1.24087,0.304531,0.840943,0.159086
1.42676,8.75745,0.253352,1.84903,0.726489,0.273491
3.81564,2.09141,0.892295,0.241226,0.654969,0.345046
1.51249,8.12281,0.338432,2.49789,0.723965,0.276147
4.18247,2.26925,1.12965,0.239629,0.795792,0.204336
3.75994,2.13521,0.851524,0.216593,0.607981,0.392113
4.24257,2.20357,1.09025,0.152151,0.732205,0.267829
4.41142,2.37722,1.52259,0.149021,0.819761,0.180242
1.46199,8.55838,0.361254,3.2267,0.712636,0.287284
4.00823,2.17788,1.04586,0.226512,0.741914,0.258051
4.08845,2.16095,1.09101,0.262465,0.74863,0.251399
4.3596,2.12183,1.30882,0.282067,0.758436,0.241638
4.29497,2.12133,1.13907,0.211015,0.701674,0.298347
3.94205,2.10318,0.995285,0.278346,0.683747,0.316332
4.28396,2.15267,1.20931,0.220614,0.752388,0.247634
4.01868,2.0457,0.9241,0.232247,0.710213,0.289789
4.29555,2.18385,1.27925,0.26276,0.828838,0.171235
4.25457,2.12132,0.927915,0.213056,0.70198,0.297986
1.37077,8.45488,0.347548,2.50837,0.73884,0.261183
4.18071,2.10411,1.11121,0.290142,0.722535,0.277484
1.52219,8.69715,0.314695,3.60823,0.765253,0.234819
1.38095,8.79348,0.330517,2.25018,0.748365,0.25167
4.17418,2.18235,1.23671,0.265651,0.795735,0.20427
1.40911,9.48,0.328037,2.71128,0.780857,0.219157
4.3407,2.19337,1.20879,0.24028,0.761597,0.238411
4.21377,2.21572,1.28281,0.263044,0.781346,0.218594
4.13146,2.19073,1.1156,0.220122,0.704285,0.295682
4.64367,2.36189,1.43932,0.236627,0.860353,0.139718
4.12605,2.12272,1.23622,0.236147,0.715135,0.284906
4.19735,2.1553,1.00011,0.162676,0.724289,0.27564
1.44241,9.3819,0.331466,2.82347,0.773525,0.226527
1.35825,8.00641,0.342725,2.44706,0.656419,0.343632
1.43423,10.6874,0.336995,2.53501,0.834815,0.165208
1.43258,8.59318,0.35381,1.98837,0.753301,0.246713
4.21699,2.18162,1.15059,0.216131,0.730558,0.269506
1.42083,8.05023,0.331001,2.78424,0.742363,0.257648
1.44443,8.80743,0.366691,3.03022,0.76514,0.234806
4.6189,2.20076,1.1694,0.212685,0.808863,0.191069
4.61986,2.34925,1.40158,0.273723,0.851691,0.148273
4.37461,2.1511,1.18939,0.236682,0.741539,0.258536
3.91247,2.13039,0.850873,0.240605,0.695123,0.304889
4.30086,2.25971,1.24098,0.2068,0.744365,0.255604
4.39942,2.22506,1.46534,0.271436,0.77882,0.221169
1.51401,9.27052,0.316714,2.64902,0.807401,0.192666
4.07892,2.12483,0.886961,0.173258,0.695844,0.304175
4.5138,2.20241,1.04376,0.171789,0.806069,0.193867
1.42718,8.09958,0.352535,3.09797,0.683543,0.316529
4.36306,2.17119,1.1174,0.201582,0.787136,0.212882
4.17561,2.13319,1.04681,0.221673,0.705142,0.294959
4.23253,2.04375,1.01268,0.277938,0.670248,0.329794
1.46352,8.80189,0.255861,2.44127,0.787163,0.212933
1.48441,9.42959,0.349768,3.79067,0.805071,0.194929
4.17019,2.16766,0.948939,0.277613,0.732257,0.26781
4.00582,2.14753,1.17825,0.240447,0.70465,0.295372
4.12228,2.12607,0.864329,0.275378,0.6784,0.321668
3.96072,2.16966,1.1495,0.22032,0.724658,0.275409
1.53146,10.7639,0.362098,3.63986,0.854826,0.145229
3.89461,2.10937,0.917004,0.190352,0.679908,0.320113
4.17369,2.12168,1.20881,0.243803,0.717041,0.283099
4.27301,2.15965,1.14957,0.237221,0.768101,0.231958
1.46503,8.61185,0.323929,2.66236,0.781367,0.218645
1.4599,8.26761,0.281744,2.08602,0.723255,0.276769
4.26279,2.11526,1.20855,0.243958,0.75313,0.246936
4.28079,2.16268,1.21603,0.148917,0.716785,0.283309
1.39247,8.54227,0.336343,1.25623,0.734382,0.265587
1.45305,10.085,0.328377,2.28232,0.802812,0.197265
4.5201,2.23396,1.31053,0.230172,0.777517,0.222564
4.42741,2.18559,1.10322,0.222001,0.789374,0.210654
1.4216,9.3292,0.267919,2.45911,0.801105,0.198897
4.34519,2.24368,1.23669,0.224892,0.78043,0.219582
4.4264,2.24758,1.11689,0.209157,0.765311,0.234738
3.98867,2.04435,0.853435,0.229382,0.684426,0.315614
4.2044,2.20412,1.28508,0.18643,0.762719,0.237282
4.08761,2.15959,1.03583,0.233209,0.725346,0.274807
4.41337,2.32851,1.40678,0.26219,0.831068,0.16894
4.21026,2.20122,1.02797,0.24055,0.728444,0.27157
3.98007,2.22296,1.13965,0.198663,0.786842,0.213198
4.32817,2.10989,1.13494,0.231614,0.717029,0.282885
4.15829,2.1521,0.941354,0.209454,0.733081,0.266982
4.19448,2.10168,0.948282,0.197169,0.766417,0.233632
3.84495,2.06677,0.826284,0.257737,0.683881,0.316117
1.42547,7.86468,0.282238,1.7451,0.742248,0.257797
1.46096,8.66119,0.308995,2.7418,0.736261,0.263793
1.46631,8.85622,0.259428,2.98929,0.774032,0.226014
4.38313,2.24098,1.22071,0.247951,0.815622,0.184469
1.39315,8.88583,0.220734,1.73661,0.689735,0.310304
3.86366,2.13094,0.965857,0.198117,0.682609,0.31729
1.46858,8.85948,0.323311,3.0527,0.781595,0.218408
4.13535,2.11024,0.984047,0.271484,0.72299,0.277193
4.37829,2.32237,1.41631,0.245735,0.861191,0.138927
1.43517,9.13565,0.376371,3.28965,0.748771,0.25129
4.37498,2.24356,1.13583,0.304969,0.806082,0.194031
4.09769,2.15837,0.954979,0.262063,0.73356,0.266425
1.4581,8.63824,0.340711,2.85439,0.718217,0.281791
3.83091,2.08978,1.09479,0.215759,0.653833,0.346201
4.29732,2.18492,1.06678,0.252691,0.733944,0.266071
4.29518,2.18814,1.26778,0.146208,0.750998,0.249011
4.01472,1.98712,1.04831,0.214541,0.707608,0.292569
3.85974,2.13049,0.887828,0.178996,0.655531,0.344548
4.54048,2.28685,1.30724,0.163431,0.797686,0.20237
4.22439,2.2263,1.03763,0.236808,0.729798,0.270211
1.42903,8.93703,0.382037,2.99412,0.760791,0.239306
4.08816,2.10515,1.05075,0.198281,0.699285,0.300733
1.40562,8.15555,0.279871,2.45148,0.729546,0.270483
1.43272,7.79679,0.312796,2.6054,0.699351,0.300708
4.34285,2.13345,1.06708,0.218566,0.715643,0.284453
1.45625,8.8749,0.271932,2.86073,0.729619,0.270452
1.42166,9.29801,0.248662,2.60758,0.747476,0.25252
4.48317,2.14834,1.20716,0.217693,0.782191,0.217838
1.4836,9.86687,0.427824,3.13537,0.827467,0.172629
4.31806,2.10758,1.14992,0.251513,0.802927,0.197087
3.80581,2.07526,1.06075,0.267851,0.715292,0.284689
4.63719,2.23112,1.30762,0.251526,0.788626,0.211493
4.41966,2.07694,1.28502,0.372589,0.807791,0.192293
1.48564,8.80659,0.299969,2.19191,0.778574,0.221508
4.09609,2.17085,1.15584,0.209425,0.72745,0.272599
4.27559,2.16871,1.27628,0.239531,0.770726,0.229387
4.00713,2.07772,1.3195,0.278675,0.667877,0.33222
4.12388,2.21035,1.02356,0.279288,0.720229,0.279877
1.43118,8.02996,0.300014,2.45836,0.642123,0.357936
4.15959,2.11225,1.00411,0.224506,0.696191,0.303817
4.18284,2.19172,1.05721,0.241536,0.754284,0.245732
4.01427,2.11764,0.9528,0.237438,0.67084,0.3292
3.94754,2.02985,1.08551,0.238907,0.650181,0.349959
1.40801,8.87124,0.349353,1.84021,0.757963,0.242073
4.07364,2.19534,0.961875,0.227155,0.72097,0.279061
3.97926,2.14542,0.869423,0.250721,0.717498,0.282519
4.39456,2.25298,1.297,0.220151,0.785882,0.214154
4.01437,2.15123,1.06676,0.204463,0.673669,0.326355
4.12165,2.17262,1.12517,0.228805,0.708703,0.291308
4.35202,2.13979,1.22046,0.179806,0.727689,0.272399
4.26152,2.0507,1.17829,0.238456,0.72739,0.272621
1.46586,7.78607,0.307105,2.36852,0.720284,0.27975
1.36924,7.91726,0.310961,1.71999,0.664586,0.335488
4.10527,2.21326,1.11493,0.211061,0.712398,0.287701
3.97227,2.13766,1.10908,0.21775,0.695956,0.30405
3.99946,2.11653,1.00746,0.27382,0.71741,0.282523
1.49862,9.0338,0.386211,3.23777,0.777594,0.222443
1.46842,7.70145,0.296897,2.6057,0.713825,0.286292
1.3885,8.63994,0.297598,2.63955,0.689907,0.310178
3.83257,2.10944,0.862624,0.214028,0.717997,0.282053
1.55534,7.90726,0.303191,3.00055,0.724762,0.275365
4.35465,2.18525,1.36567,0.257346,0.770658,0.229374
4.32716,2.16184,1.29842,0.243331,0.742062,0.257987
4.40946,2.09282,0.94388,0.312068,0.709177,0.290847
1.4767,8.62738,0.296026,2.81887,0.730889,0.26914
4.15988,2.05476,1.10551,0.221108,0.686122,0.313913
1.31656,9.00192,0.249608,3.36075,0.682497,0.317586
4.12002,2.14127,1.04222,0.24998,0.717651,0.282387
4.33745,2.30019,1.4505,0.225643,0.834782,0.165198
4.09618,2.21003,0.963291,0.280358,0.732263,0.267723
3.78192,2.06954,0.976743,0.232144,0.665875,0.334068
4.13739,2.1797,1.09538,0.283257,0.783042,0.216999
4.25899,2.1859,1.25862,0.192044,0.71571,0.28426
4.29213,2.16768,1.06955,0.210492,0.725637,0.274339
4.42721,2.14177,1.06407,0.251039,0.770079,0.229896
4.36724,2.32973,1.22244,0.143863,0.832398,0.167601
4.07112,2.08318,1.05464,0.247118,0.704769,0.295334
1.41046,9.55363,0.399937,1.91747,0.78874,0.21118
4.01528,2.14354,1.00293,0.262418,0.715747,0.284344
3.95534,2.04644,1.25467,0.255507,0.669512,0.330499
1.36452,8.55348,0.335296,1.17712,0.751597,0.248454
4.29915,2.17475,1.31715,0.24486,0.792918,0.20717
4.23573,2.0908,1.07154,0.188026,0.70625,0.293778
4.30824,2.17099,1.10442,0.218463,0.75984,0.240209
4.12548,2.2294,1.17391,0.243897,0.748238,0.25177
4.46263,2.20806,1.29721,0.233951,0.766756,0.233279
4.15879,2.11265,1.14155,0.19787,0.711414,0.288645
3.81586,2.16151,1.12322,0.184004,0.685496,0.314588
1.43264,8.54593,0.302828,2.83442,0.705534,0.294496
1.41575,9.42843,0.374286,1.25878,0.768062,0.232052
1.5305,9.08682,0.37988,3.09524,0.787796,0.212225
4.00106,2.10707,0.933556,0.291849,0.691322,0.308752
4.27294,2.16753,1.22698,0.262526,0.762421,0.237654
1.42713,8.3165,0.307804,2.18981,0.734979,0.265074
3.9876,2.13567,0.983671,0.21373,0.695976,0.304088
4.16195,2.1008,1.03855,0.282097,0.726353,0.273742
1.39943,8.18091,0.369537,2.60451,0.728223,0.271779
4.15088,2.21419,1.19485,0.257178,0.72454,0.27545
3.96209,2.15275,1.14319,0.216192,0.671478,0.32853
4.12955,2.15253,1.05127,0.236945,0.744319,0.255692
4.07803,2.093,1.11988,0.262794,0.709572,0.290452
4.1425,2.14214,0.953889,0.248948,0.742648,0.257415
4.05059,2.14059,1.05783,0.243534,0.706384,0.293639
1.45961,7.85478,0.281244,2.46023,0.770905,0.2292
3.69433,2.06258,0.920987,0.278394,0.64561,0.354424
3.81159,2.12785,0.998365,0.234128,0.705705,0.294326
4.08972,2.11494,1.02756,0.283152,0.729748,0.270279
3.93446,2.14738,0.771495,0.266198,0.68675,0.313335
1.48768,10.1296,0.282356,1.95092,0.811047,0.189035
4.28326,2.14216,1.11415,0.285398,0.789763,0.210278
4.64612,2.18185,1.22688,0.20695,0.756717,0.243315
3.98428,2.14609,1.06011,0.204923,0.695708,0.304371
4.36849,2.27007,1.3816,0.244868,0.809835,0.190298
1.45811,8.93081,0.351202,2.77829,0.730142,0.269919
4.03812,2.1571,1.10254,0.224392,0.735238,0.264812
4.25802,2.15648,1.25537,0.269513,0.800809,0.199194
1.43945,8.36439,0.335048,2.13585,0.759714,0.240352
4.02505,2.0817,0.87527,0.263473,0.679527,0.320578
1.4536,8.97174,0.37069,3.00152,0.780762,0.219232
4.17281,2.2304,1.03459,0.218847,0.751863,0.248114
4.56394,2.29001,1.26891,0.203128,0.825018,0.17503
4.08559,2.12913,1.08637,0.27794,0.732676,0.267339
1.44685,8.28302,0.361006,2.97452,0.692715,0.307341
4.02311,2.10325,1.15527,0.261024,0.683034,0.316998
4.07887,2.08919,1.0328,0.244989,0.720704,0.279386
1.4565,8.61166,0.371243,3.42273,0.780905,0.219162
4.12746,2.15017,1.02876,0.269887,0.712447,0.287564
1.37627,8.94958,0.265326,2.771,0.731778,0.268258
4.15614,2.20965,1.12216,0.251949,0.766287,0.233766
4.1835,2.06974,0.818813,0.240798,0.670283,0.329758
1.47229,10.127,0.350116,3.37872,0.816357,0.183704
4.05773,2.17303,0.972969,0.28419,0.758126,0.241847
4.06438,2.10855,0.941617,0.282757,0.753624,0.246455
4.34525,2.1053,1.20096,0.26044,0.742788,0.257207
4.19858,2.21791,1.04666,0.307265,0.749905,0.250107
1.46923,9.12043,0.352828,2.84681,0.843788,0.156271
1.44401,8.47296,0.353173,2.57719,0.759906,0.240201
4.26642,2.01469,0.959949,0.250105,0.688736,0.311341
3.99709,2.06224,1.00853,0.291713,0.719777,0.280269
4.27272,2.14534,1.09851,0.271611,0.740887,0.259191
1.46984,9.41682,0.342804,2.68839,0.760337,0.239692
3.97903,2.07236,1.06896,0.250169,0.743342,0.256765
4.46549,2.19265,1.15655,0.21124,0.779174,0.220861
1.47004,8.54042,0.319174,3.06504,0.774084,0.225999
4.55787,2.26352,1.41984,0.291908,0.808828,0.191214
4.09667,2.12561,1.12191,0.211883,0.735955,0.264098
4.26686,2.13687,1.34367,0.253883,0.726066,0.273947
4.74736,2.43957,1.46876,0.282552,0.913808,0.0862836
4.05032,2.13619,0.865694,0.19478,0.640173,0.359799
4.32643,2.20885,1.16753,0.237275,0.778464,0.221545
4.0538,2.10097,1.11895,0.25691,0.710449,0.289751
4.22348,2.09183,0.912313,0.23226,0.725982,0.274072
3.75282,2.10632,1.03699,0.243094,0.708745,0.291286
4.00281,2.09938,0.949899,0.249351,0.688569,0.311485
4.12605,2.20481,1.25405,0.185882,0.755371,0.244642
4.19772,2.10996,1.01617,0.294926,0.755721,0.244334
1.43703,7.75837,0.271302,2.20642,0.703397,0.296643
1.44324,8.20585,0.309129,2.9232,0.765546,0.234449
1.47386,8.19996,0.277158,2.0922,0.736895,0.263174
4.27286,2.107,1.17926,0.215492,0.743693,0.256265
4.46705,2.3282,1.13351,0.26168,0.812564,0.187475
1.47248,9.4177,0.33354,2.34964,0.781148,0.218853
1.44345,8.23852,0.257737,2.06035,0.719076,0.280916
4.4199,2.15813,1.06317,0.263522,0.749873,0.250146
4.39053,2.17381,1.16477,0.296849,0.756367,0.243656
4.77769,2.53084,1.70419,0.145471,0.872384,0.127617
4.36075,2.2618,1.33811,0.267171,0.800752,0.199342
4.19826,2.20481,1.17298,0.265821,0.747969,0.252082
4.54857,2.09799,1.2985,0.273009,0.734043,0.265981
4.32749,2.14696,1.23495,0.200769,0.724297,0.275725
3.91742,2.11923,0.91024,0.220798,0.713707,0.286389
1.41013,8.13923,0.362145,2.88854,0.707344,0.292651
4.00322,2.13096,1.02828,0.213917,0.683575,0.316391
3.85693,2.16877,0.966108,0.257937,0.669303,0.330747
3.88912,2.04867,1.23213,0.303322,0.686617,0.313394
4.16044,2.1872,1.30913,0.213543,0.76131,0.238749
4.20193,2.09419,1.14323,0.238888,0.709339,0.290742
1.39597,9.64371,0.289664,2.01387,0.777386,0.222662
3.67203,2.07012,1.05981,0.257308,0.668941,0.331124
4.19302,2.0918,0.725613,0.237569,0.689252,0.310771
3.98488,2.10657,1.11594,0.248164,0.729796,0.270254
1.49448,9.41983,0.321178,2.67619,0.797739,0.202331
4.12971,2.13985,1.24869,0.210964,0.725296,0.274791
4.34715,2.15426,1.27543,0.218516,0.769447,0.230637
1.49296,8.98963,0.384175,3.38906,0.818343,0.181607
1.51574,9.08253,0.262191,3.3782,0.772043,0.227942
4.01727,2.10302,0.95645,0.244052,0.720529,0.279512
4.07442,2.15775,0.924917,0.284328,0.728976,0.271015
3.96197,2.16983,1.21444,0.189379,0.708931,0.291163
4.28348,2.10304,0.976213,0.234057,0.714023,0.28601
1.40718,8.68505,0.268275,1.73342,0.69928,0.300842
4.39251,2.17116,1.15522,0.287721,0.758224,0.241857
4.34199,2.14613,0.95912,0.188443,0.70517,0.294917
4.20551,2.17108,1.19214,0.1407,0.751945,0.248083
1.33939,8.25897,0.289077,1.73975,0.74828,0.251783
4.33828,2.20944,1.04373,0.307866,0.796596,0.203476
3.97125,2.03799,0.815198,0.222789,0.655994,0.343954
4.01485,2.11982,0.991588,0.131678,0.697769,0.302282
1.49462,9.74103,0.31851,3.66298,0.747295,0.252808
3.98282,2.08222,0.900108,0.245505,0.714778,0.285412
1.42922,7.84083,0.368193,2.88946,0.785592,0.214349
1.41571,9.49267,0.24439,2.8424,0.745398,0.254596
4.20273,2.13005,1.24398,0.292121,0.76619,0.233805
4.26514,2.13403,1.24763,0.290501,0.773068,0.226866
4.66608,2.30084,1.22953,0.205687,0.813666,0.186406
4.07775,2.11834,1.19697,0.21712,0.720136,0.279846
1.40336,9.01063,0.245897,1.89675,0.735813,0.264233
1.40104,8.37684,0.422338,2.54949,0.755177,0.244928
4.37702,2.23407,1.20478,0.200124,0.795835,0.204186
3.74199,2.11795,1.05667,0.248613,0.714238,0.28578
4.30577,2.1242,1.01701,0.241458,0.753492,0.246569
3.9413,2.13912,1.16737,0.240217,0.710076,0.289928
4.42829,2.21537,1.24361,0.267748,0.809142,0.190814
3.97799,2.09679,0.983695,0.236542,0.670232,0.329782
4.05614,2.07697,1.03668,0.303043,0.709953,0.290146
4.2863,2.19199,1.12736,0.160879,0.753976,0.246116
4.10413,2.10973,1.02418,0.220903,0.693771,0.306255
1.49859,9.32391,0.319246,3.79014,0.807925,0.19213
1.45702,8.12894,0.362124,2.83832,0.736167,0.263905
1.44929,8.58073,0.332686,3.46181,0.713039,0.287029
1.35734,8.86219,0.286661,1.74423,0.704543,0.295529
1.36545,8.85051,0.301135,2.15935,0.732261,0.26772
3.98423,2.15295,1.08934,0.254168,0.694396,0.305676
4.03548,2.05151,1.05516,0.213563,0.715832,0.28424
3.9787,2.09882,1.02699,0.210325,0.712179,0.287927
4.05294,2.18587,1.06188,0.205266,0.740835,0.259229
4.1804,2.03795,1.09327,0.228583,0.745384,0.254628
4.2538,2.18159,1.2787,0.250788,0.768486,0.231532
3.96647,2.04626,1.15676,0.214154,0.680382,0.319667
1.45739,8.16564,0.290045,3.04573,0.708577,0.291491
1.47034,9.85903,0.321104,3.19381,0.794421,0.205646
1.39936,8.00854,0.304897,2.88874,0.660066,0.339922
4.21011,2.12628,1.17467,0.154686,0.692312,0.307777
4.46456,2.2152,1.15835,0.216372,0.762428,0.237679
4.43743,2.20417,1.15654,0.268712,0.78778,0.212237
4.25878,2.24056,1.23036,0.210939,0.774,0.225958
4.15258,2.2093,1.345,0.263155,0.778256,0.221804
3.91153,2.18872,0.941225,0.282953,0.802703,0.197315
4.31418,2.19118,1.13554,0.213895,0.7462,0.253905
4.331,2.19865,1.23641,0.245131,0.794269,0.205739
4.05798,2.08339,1.07141,0.271668,0.678728,0.32136
1.51162,9.72641,0.319049,3.52452,0.779792,0.220299
3.91423,2.16567,1.04033,0.288141,0.707358,0.292651
4.01457,2.12655,1.10948,0.313568,0.740648,0.25948
4.43684,2.1925,1.29182,0.235772,0.760817,0.239258
1.48319,7.6221,0.364259,2.76886,0.708,0.292002
4.47723,2.22221,1.36092,0.297102,0.83919,0.16081
4.25323,2.15054,1.26746,0.284429,0.717357,0.282733
1.49427,9.83401,0.235561,2.76465,0.76653,0.233453
4.19685,2.04067,1.13113,0.286902,0.720641,0.2795
1.42045,10.0642,0.307411,3.61527,0.728664,0.271368
4.02706,2.17585,1.11706,0.189349,0.702467,0.297635
4.28295,2.17249,1.14901,0.29191,0.768425,0.231662
1.37566,7.74116,0.362317,2.80458,0.695381,0.304572
1.40669,8.52125,0.328243,1.66722,0.727036,0.272995
1.45978,8.01913,0.299955,3.25749,0.712971,0.286999
4.04165,2.1739,0.890394,0.222223,0.753392,0.246706
1.41654,9.67929,0.285133,2.38629,0.76807,0.232001
4.46295,2.24549,1.13867,0.1377,0.750643,0.24947
4.20333,2.11295,1.00664,0.278116,0.742038,0.257945
1.4225,8.17106,0.316354,1.40392,0.713737,0.286355
4.36596,2.20951,1.2631,0.149362,0.747123,0.252894
1.44745,9.49332,0.339897,3.07614,0.749425,0.250594
4.16377,2.28794,1.36877,0.182037,0.79251,0.207501
1.4661,8.58834,0.365405,3.12767,0.745333,0.254678
1.49718,9.01675,0.326141,2.55329,0.81223,0.187842
4.25135,2.1682,1.02999,0.230745,0.746388,0.253655
4.77525,2.24458,1.45598,0.225303,0.784736,0.21525
3.91505,2.12708,0.951499,0.303547,0.711642,0.288368
1.46959,8.26582,0.399921,2.41409,0.735406,0.264623
1.47121,8.6557,0.230657,2.23777,0.74827,0.25182
4.25091,2.22117,1.17132,0.275985,0.808384,0.191696
4.16328,2.18654,0.885694,0.221764,0.740879,0.2592
1.44911,9.64027,0.303081,3.10188,0.747952,0.252079
4.44638,2.2597,1.46216,0.188181,0.843836,0.15621
4.46582,2.19119,1.19842,0.247615,0.75934,0.240683
1.40592,9.11108,0.290728,3.05073,0.74067,0.259193
3.95407,2.08276,1.00188,0.172702,0.669918,0.330179
4.07852,2.0741,0.987213,0.289089,0.71541,0.284606
1.52237,8.99475,0.25348,2.39473,0.808853,0.191094
4.59944,2.30492,1.36576,0.28561,0.814677,0.185263
1.4882,8.09637,0.330536,2.42567,0.702356,0.297664
4.26529,2.14081,1.26012,0.28431,0.778461,0.221587
4.16249,2.12533,1.10385,0.212779,0.706437,0.293694
1.42973,7.99895,0.3374,1.86341,0.713741,0.286331
1.41825,8.42818,0.265924,1.50899,0.654071,0.346014
4.3877,2.2408,1.38846,0.215463,0.741776,0.258262
4.42123,2.1641,1.27157,0.29681,0.809915,0.190036
4.56885,2.14234,1.22699,0.231959,0.785375,0.214574
4.51419,2.29599,1.15298,0.169552,0.774137,0.22591
4.29771,2.27111,1.1093,0.271459,0.793886,0.206153
4.07957,2.10245,1.23716,0.262967,0.671667,0.328342
4.01021,2.17859,0.9498,0.249888,0.696905,0.303187
4.28807,2.10742,1.25373,0.292057,0.778986,0.221035
4.43234,2.12564,1.40807,0.293108,0.722567,0.277469
4.06848,2.17633,0.918777,0.307641,0.769129,0.230974
3.99579,2.06438,1.01988,0.229471,0.680333,0.319729
4.03201,2.11279,0.810332,0.282235,0.70087,0.29919
1.48766,8.23192,0.355449,2.96449,0.71528,0.284735
4.21423,2.09151,1.03705,0.245972,0.732602,0.267404
4.45438,2.19585,1.1606,0.239906,0.730102,0.269953
1.38168,8.16764,0.382937,1.86139,0.716267,0.283749
4.26905,2.20778,1.25369,0.268464,0.784056,0.215987
3.83772,2.03329,0.871313,0.296947,0.677461,0.322597
4.41084,2.22865,1.1551,0.192112,0.72429,0.275823
1.4244,9.29771,0.251553,3.29913,0.710567,0.289542
1.39475,8.92993,0.296564,3.06755,0.732656,0.26739
3.84926,2.08132,1.02001,0.255461,0.69956,0.30052
4.51822,2.41292,1.62726,0.15158,0.82129,0.178791
4.50699,2.2443,1.27753,0.194294,0.808596,0.191395
4.48437,2.08538,1.32629,0.226904,0.678106,0.321949
4.01003,2.08916,1.02446,0.230869,0.735316,0.264705
3.84993,2.05321,0.829543,0.280361,0.661655,0.338362
4.13681,2.06315,0.997342,0.234471,0.726615,0.273447
1.39457,7.94729,0.255564,2.49197,0.646526,0.353527
3.93203,2.13253,0.892741,0.281868,0.70962,0.290436
1.46382,8.08016,0.35955,2.74287,0.680436,0.319645
4.52643,2.25728,1.27377,0.254912,0.845558,0.154527
1.43864,8.56375,0.329558,2.04185,0.736499,0.263573
4.26996,2.13518,0.937008,0.244601,0.701198,0.298867
4.04791,2.09334,0.936029,0.259666,0.688629,0.31134
4.13176,2.15228,1.24278,0.250139,0.796747,0.203289
4.06094,2.10996,1.02895,0.262427,0.706322,0.293675
4.42388,2.27284,1.05022,0.186583,0.750793,0.24938
3.78999,2.08386,0.814204,0.243252,0.707271,0.292772
4.38142,2.16749,1.10291,0.202257,0.738086,0.261961
3.95504,2.10376,1.07838,0.282741,0.689627,0.310414
4.50295,2.24362,1.34081,0.225796,0.803547,0.196549
1.46504,8.34462,0.361248,2.82337,0.723869,0.276152
3.92767,2.16045,1.00086,0.216037,0.714674,0.285331
4.16144,2.16417,0.968035,0.189838,0.690077,0.309928
1.52271,9.10175,0.302029,2.92694,0.775054,0.225006
1.38663,9.53189,0.354159,2.38843,0.787553,0.212435
4.51509,2.25195,1.28459,0.218186,0.752262,0.247859
4.21346,2.14998,1.01398,0.211798,0.740149,0.259939
1.46685,9.50936,0.308229,3.36782,0.822568,0.177389
4.289,2.16454,1.05944,0.261567,0.698939,0.301043
1.40821,9.0276,0.37756,1.41561,0.740896,0.259227
4.36635,2.15758,1.13184,0.306375,0.750383,0.249764
4.60879,2.28542,1.23174,0.229872,0.840386,0.159676
4.05913,2.10307,0.977967,0.20514,0.684449,0.315725
4.14267,2.06753,1.05139,0.201016,0.678849,0.321158
4.3426,2.07314,1.14526,0.249899,0.715903,0.284139
4.27277,2.11083,1.09021,0.243815,0.78484,0.215219
1.42794,8.03813,0.2377,2.37558,0.645146,0.354904
4.2253,2.16942,1.1606,0.235597,0.73281,0.267198
1.55438,7.6077,0.293314,3.29557,0.714991,0.285035
1.46203,8.7212,0.409635,2.66274,0.786165,0.213865
4.0697,2.07884,1.20234,0.245992,0.699531,0.300501
1.46008,10.1964,0.31935,2.54717,0.820285,0.179587
1.47896,7.78293,0.351057,2.80598,0.715062,0.2849
4.14534,2.08756,1.12337,0.216036,0.725285,0.274753
4.24351,2.10831,1.05691,0.229071,0.701474,0.298582
4.008,2.11315,1.28155,0.189536,0.748555,0.251516
4.02249,2.12615,0.90361,0.262037,0.693665,0.306375
1.45984,7.93852,0.334402,2.47288,0.752269,0.247735
1.48008,8.1359,0.3267,3.24483,0.753329,0.246738
4.15147,2.16788,1.02948,0.261662,0.768125,0.231998
4.14726,2.12497,0.979127,0.246535,0.716573,0.283551
1.44177,8.33642,0.27758,2.09789,0.72721,0.272895
4.25239,2.15688,1.2491,0.268001,0.709791,0.290289
4.02077,2.06743,0.993257,0.226748,0.683676,0.316362
1.44524,9.49391,0.331445,3.16604,0.777536,0.222462
1.47667,8.6705,0.353989,3.39861,0.727356,0.272675
4.63073,2.33137,1.28829,0.244894,0.844387,0.155661
4.40093,2.14715,1.33461,0.283294,0.761499,0.238579
4.09383,2.15111,0.974369,0.262177,0.755353,0.244637
1.4693,8.01123,0.333983,2.69858,0.743141,0.256886
3.8268,2.13776,1.04929,0.293605,0.721772,0.278282
3.88177,2.0801,0.973298,0.311897,0.755601,0.244434
4.04526,2.12441,1.09072,0.282538,0.717776,0.282296
4.02637,2.12629,1.03939,0.252642,0.699306,0.300661
4.05857,2.08437,1.12791,0.202995,0.688943,0.311219
4.54858,2.29681,1.51686,0.174386,0.828961,0.171106
1.52454,8.3476,0.333733,2.75907,0.734232,0.265843
1.45743,8.24272,0.363306,2.69857,0.745021,0.254967
4.21744,2.17938,1.09464,0.215651,0.774926,0.225128
1.42325,9.00902,0.255666,1.47261,0.749216,0.250781
4.18916,2.09339,1.07607,0.280193,0.746489,0.253572
4.21429,2.18488,1.12803,0.226429,0.739358,0.260726
1.44363,8.89072,0.331231,2.84001,0.705601,0.2944
4.40997,2.24261,1.28427,0.216288,0.790678,0.209319
4.11264,2.0802,1.06582,0.270497,0.696013,0.303961
4.27527,2.12947,1.0816,0.26914,0.720827,0.279204
3.93511,2.13545,1.09021,0.197833,0.708364,0.291718
4.30159,2.22061,1.2493,0.226363,0.827972,0.172031
4.19074,2.10978,0.967396,0.283425,0.762381,0.237553
4.60255,2.22377,1.20486,0.255458,0.780802,0.219279
4.46793,2.19091,1.14401,0.221755,0.771267,0.228867
1.46726,8.10035,0.316514,2.60118,0.67648,0.323512
3.96293,2.01914,0.924521,0.226892,0.579534,0.42057
1.39344,8.3956,0.359914,3.02975,0.694446,0.305558
1.38511,8.0921,0.231686,1.91251,0.722655,0.277382
4.23019,2.17094,1.27778,0.208744,0.697065,0.302989
4.16034,2.105,1.0042,0.264701,0.735725,0.264138
4.13784,2.13447,1.22149,0.259298,0.745196,0.25486
4.25842,2.16971,1.22784,0.233756,0.762269,0.237786
4.1688,2.1491,0.947552,0.166671,0.673698,0.326399
4.23189,2.04109,1.02292,0.22918,0.702728,0.297196
4.60507,2.29716,1.23428,0.278398,0.797191,0.202849
4.14812,2.19055,1.00328,0.227858,0.670352,0.329633
4.19951,2.13972,1.06043,0.230864,0.75699,0.243033
1.47966,7.88803,0.320823,3.22535,0.679314,0.320745
4.16993,2.09422,0.825503,0.269947,0.715677,0.284395
4.23846,2.11153,0.995248,0.207492,0.700464,0.299499
4.15228,2.22246,1.1925,0.315885,0.751796,0.248273
4.23089,2.11739,1.23333,0.273105,0.684505,0.315536
1.37141,8.55258,0.285177,2.42469,0.664054,0.335963
4.21842,2.14539,0.953962,0.21619,0.715476,0.284554
4.17284,2.19404,1.05244,0.263691,0.742203,0.257777
4.01375,2.08021,1.0389,0.210565,0.684446,0.315632
1.43971,9.63078,0.449435,2.18789,0.816152,0.183958
4.39784,2.26985,1.1969,0.279002,0.776066,0.223922
4.13686,2.14696,1.11116,0.308398,0.750393,0.249663
1.42034,9.40465,0.308009,2.0017,0.802304,0.197776
4.31115,2.32622,1.50867,0.223862,0.836177,0.16389
4.0938,2.09155,1.01171,0.231573,0.717364,0.282732
4.21002,2.14264,1.08121,0.225961,0.719867,0.280228
1.44967,8.59453,0.274538,3.10787,0.721391,0.278695
4.24871,2.1117,1.08401,0.289686,0.780292,0.219747
4.37041,2.20111,1.14128,0.219818,0.752104,0.247984
4.21601,2.19684,1.15562,0.210872,0.762776,0.237275
4.05135,2.06896,0.751301,0.232728,0.6941,0.305963
4.3852,2.25711,1.19249,0.231111,0.793743,0.206259
1.51938,8.07636,0.303603,2.60833,0.754148,0.245888
4.00537,2.14569,1.0095,0.230241,0.748029,0.252057
4.17545,2.18257,1.20113,0.301271,0.814363,0.185663
4.29217,2.20331,1.08854,0.228612,0.748343,0.251744
1.48119,8.80452,0.317089,3.16192,0.787009,0.213083
4.19986,2.1596,1.26672,0.225751,0.713991,0.28605
4.11457,2.06299,0.979518,0.153344,0.659218,0.340889
4.20179,2.00006,1.22401,0.232837,0.729999,0.270079
4.47549,2.33851,1.42781,0.165735,0.834606,0.165415
1.39281,8.22447,0.278861,2.72911,0.710659,0.289435
4.08908,2.18665,1.1451,0.219753,0.727932,0.272077
4.00514,2.11671,0.92633,0.240995,0.669871,0.330202
4.00629,2.16357,1.08879,0.203697,0.687603,0.31246
4.40179,2.30639,1.34289,0.18811,0.816033,0.184022
4.17761,2.10476,1.16721,0.260664,0.710723,0.289374
1.52424,9.10781,0.288747,2.58946,0.767461,0.232453
4.16312,2.08846,0.980608,0.236493,0.727683,0.272312
4.26395,2.16783,1.02301,0.209318,0.7639,0.236134
4.04465,2.16706,0.972437,0.175599,0.722621,0.277403
4.11277,2.09325,0.905215,0.239344,0.678886,0.321129
4.3535,2.14136,1.10268,0.19875,0.712143,0.287863
1.50425,8.87179,0.353822,2.8693,0.783485,0.216564
4.46714,2.11125,1.20656,0.244446,0.703056,0.297052
1.51179,8.55087,0.457315,2.8937,0.788809,0.211254
4.06968,2.16014,1.2612,0.3014,0.71954,0.280402
4.02385,2.19255,1.22588,0.292422,0.776767,0.223268
3.87654,2.08505,1.23064,0.235664,0.714385,0.285733
4.03314,2.07993,1.04153,0.290467,0.682733,0.317327
4.12342,2.17307,1.165,0.202234,0.714799,0.285272
4.28604,2.24708,1.11011,0.178352,0.749691,0.250371
4.52311,2.22838,1.29109,0.271018,0.799053,0.200994
4.0699,2.18287,1.11698,0.259645,0.708778,0.291287
4.08643,2.13683,1.08205,0.247175,0.683844,0.316258
3.75784,2.03321,0.774281,0.236404,0.633445,0.366731
4.2824,2.14818,1.11758,0.239041,0.784199,0.215778
4.23634,2.15552,1.10841,0.283528,0.816196,0.183902
1.4551,7.9856,0.39738,2.21348,0.692419,0.30767
4.55678,2.35907,1.43953,0.227585,0.861705,0.138388
1.47694,8.36701,0.377061,2.68277,0.712419,0.287617
4.01335,2.207,1.15564,0.267298,0.706897,0.293167
3.89954,2.0239,0.940608,0.217267,0.681968,0.318061
3.78978,2.1507,0.921464,0.218859,0.686218,0.313838
4.19164,2.10044,0.971563,0.225146,0.713176,0.286783
4.3258,2.23426,1.29701,0.241034,0.808925,0.191146
4.02039,2.18874,1.17862,0.181736,0.706568,0.293515
4.06644,2.15861,0.962007,0.217425,0.716059,0.283909
4.0255,2.07654,0.918463,0.270698,0.637286,0.362824
3.69168,2.11461,1.02814,0.246184,0.669238,0.330772
1.51103,9.73036,0.319988,3.46173,0.84164,0.158377
1.48099,8.52951,0.376738,2.90532,0.776831,0.22316
4.07044,2.17636,1.10832,0.255798,0.734606,0.265365
4.2287,2.16465,1.18237,0.267731,0.691992,0.307994
4.09433,2.12065,0.857631,0.222941,0.679416,0.320692
4.1448,2.17356,1.11985,0.238698,0.751281,0.248696
4.08469,2.18718,0.827904,0.225524,0.716719,0.2833
4.65021,2.23285,1.37473,0.283339,0.818727,0.181341
1.48066,8.35427,0.266174,2.57199,0.726113,0.273944
4.24717,2.14775,1.03717,0.232281,0.706954,0.293084
1.39842,8.48485,0.393341,2.85169,0.723404,0.276553
4.19778,2.19938,1.07569,0.229257,0.761772,0.238327
4.10804,2.05335,0.79572,0.239669,0.716189,0.283883
1.48281,8.01694,0.278105,2.49683,0.70563,0.294378
4.2472,2.21437,1.19799,0.28793,0.80913,0.190947
4.37027,2.20784,1.1204,0.220946,0.770022,0.230078
1.43482,8.87795,0.305154,2.18316,0.760803,0.239269
4.163,2.18508,1.03674,0.314369,0.790175,0.209836
3.93418,2.15473,0.981606,0.262445,0.688366,0.31164
4.03103,2.1314,1.11401,0.241545,0.673714,0.326288
1.40723,8.90003,0.360295,3.0221,0.737166,0.262934
4.24439,2.21387,1.09608,0.190018,0.763025,0.237091
1.41876,7.97875,0.315109,2.36692,0.69427,0.305758
4.47122,2.27401,1.29997,0.196113,0.829101,0.170974
1.54128,8.32902,0.322017,3.08357,0.771326,0.228737
1.4787,8.85112,0.314909,2.34989,0.787664,0.212418
1.41055,8.68042,0.3139,2.45339,0.75657,0.243421
1.36713,8.79612,0.309315,2.78988,0.721639,0.278357
1.43613,9.41161,0.320782,3.34958,0.771032,0.228983
1.46847,8.96064,0.338395,2.65755,0.758689,0.241393
4.20775,2.15861,0.98592,0.268104,0.718745,0.281298
3.93978,2.16986,1.34146,0.280443,0.739458,0.260625
1.4007,8.47635,0.227824,2.03212,0.689709,0.310274
4.14442,2.15269,0.921919,0.24621,0.745826,0.254245
4.17292,2.03813,1.09727,0.255179,0.693746,0.306235
1.43916,8.17279,0.31023,2.47452,0.729572,0.270508
1.4574,8.62568,0.286539,2.01706,0.776127,0.223966
3.93225,2.17072,1.24298,0.258107,0.745737,0.254292
4.16324,2.13618,1.10958,0.23253,0.751732,0.248278
4.36253,2.13891,1.15482,0.279217,0.780001,0.220041
3.67063,2.11058,0.837036,0.253273,0.656609,0.343427
1.4292,8.44668,0.32595,2.70852,0.738209,0.261797
4.15307,2.14978,1.20966,0.256494,0.781367,0.218498
4.49563,2.26123,1.34076,0.289595,0.821769,0.178271
4.12095,2.22535,1.18324,0.214955,0.700152,0.299814
4.2841,2.15163,1.17213,0.251021,0.739414,0.260509
1.39228,9.46362,0.261158,1.42613,0.772702,0.227317
4.41048,2.23363,1.19804,0.285661,0.806745,0.193278
4.13025,2.08721,1.05254,0.255786,0.67967,0.320323
4.24563,2.09009,0.91644,0.273898,0.661033,0.339123
1.44026,7.64305,0.290061,2.33227,0.645698,0.354309
1.50241,8.13875,0.303149,2.69365,0.733268,0.266745
4.29147,2.20008,1.20473,0.252087,0.764539,0.235554
4.4877,2.21896,1.37958,0.239676,0.780602,0.219467
4.19844,2.15864,1.02712,0.204253,0.724869,0.275107
4.3068,2.19808,1.2339,0.152038,0.751292,0.248783
4.11243,2.05301,0.871782,0.231021,0.707497,0.292622
1.40717,8.99744,0.277491,2.26823,0.732818,0.267234
1.43336,9.45186,0.280282,2.65182,0.76779,0.232218
4.16965,2.21546,1.18603,0.250235,0.757843,0.242228
4.21981,2.09478,1.31337,0.264342,0.72738,0.272701
4.13647,2.16078,1.02102,0.198597,0.734284,0.265714
4.33275,2.17823,1.22344,0.185912,0.73162,0.268387
1.50989,8.54498,0.366961,2.71809,0.714041,0.28596
1.48945,8.61725,0.261209,2.07383,0.784509,0.215587
4.17881,2.09022,1.01289,0.271063,0.788837,0.21118
3.73314,2.06085,1.00416,0.234916,0.689038,0.311013
1.55747,8.96624,0.313625,2.81675,0.758839,0.241154
1.46008,8.48013,0.220521,2.48987,0.738688,0.261308
3.68655,2.01281,0.88187,0.228979,0.589953,0.410176
4.2705,2.19835,1.15005,0.22047,0.788305,0.211802
1.38751,8.83607,0.360609,2.80482,0.723072,0.277002
4.40646,2.1452,1.08242,0.247781,0.785222,0.214827
4.56107,2.36318,1.45833,0.189462,0.853755,0.146359
4.34849,2.17404,1.06129,0.253277,0.760654,0.239375
4.32111,2.22166,1.23987,0.166938,0.729066,0.271003
4.23092,2.13552,1.05714,0.262848,0.745529,0.254595
4.3043,2.17115,0.998782,0.232541,0.749846,0.250252
4.25589,2.1663,1.16424,0.235347,0.768296,0.231666
4.17169,2.16526,1.16951,0.225574,0.752407,0.247583
1.43159,8.36607,0.329571,2.92749,0.722004,0.278086
4.15288,2.16601,1.098,0.254759,0.758954,0.241059
4.27141,2.2527,1.20215,0.237019,0.765639,0.234355
4.19575,2.20967,1.15391,0.206963,0.726381,0.273667
4.38811,2.28211,1.09312,0.26838,0.79618,0.203953
4.03787,2.09771,0.963224,0.27771,0.667417,0.332627
1.45171,8.01435,0.316553,2.40908,0.709245,0.290791
4.19785,2.09282,0.836395,0.270707,0.672722,0.32737
4.06438,2.08118,1.18547,0.29652,0.743849,0.256157
4.03825,2.12338,0.847999,0.2888,0.69862,0.301415
4.04938,2.08099,1.03437,0.249117,0.703088,0.296938
4.27452,2.07424,1.12317,0.248217,0.777454,0.222559
4.11314,2.24774,0.970061,0.248939,0.723479,0.276542
4.24172,2.11824,1.09848,0.205441,0.725358,0.274688
1.45909,9.6145,0.283712,3.13441,0.743627,0.256419
4.30103,2.15601,1.12914,0.239004,0.724454,0.275661
4.04279,2.14609,1.13534,0.283249,0.676315,0.323774
3.98428,2.06932,0.957367,0.23461,0.665992,0.334011
1.38791,8.98439,0.28341,1.83773,0.748367,0.251719
4.58983,2.29929,1.38677,0.154306,0.826765,0.173282
4.2834,2.1722,1.05109,0.219598,0.726123,0.273965
1.47099,9.66977,0.287071,2.12491,0.795795,0.204306
4.17525,2.14115,1.04625,0.222694,0.716763,0.283232
4.363,2.16777,1.07223,0.247878,0.74091,0.25924
4.11219,2.14136,1.02068,0.177526,0.753794,0.246217
3.88161,2.07997,1.1179,0.28403,0.698061,0.301996
4.28232,2.08663,1.08814,0.280601,0.732458,0.267569
4.42122,2.21594,1.12673,0.209966,0.77673,0.223368
4.07522,2.2313,1.08856,0.244482,0.769656,0.230378
3.79038,2.11797,0.975092,0.283719,0.700918,0.299141
4.31541,2.18529,1.2084,0.218035,0.732743,0.267341
1.45572,8.89993,0.308037,2.63292,0.734115,0.265829
4.14455,2.15195,1.12385,0.265661,0.714019,0.285988
3.81521,2.14112,1.04265,0.244145,0.709672,0.290336
4.23942,2.18833,1.22392,0.184669,0.699572,0.300491
4.14857,2.05776,1.21115,0.272918,0.670723,0.329358
1.43201,8.692,0.361824,3.11807,0.784356,0.21571
4.20248,2.20469,1.0336,0.190917,0.691857,0.308154
3.96653,2.11769,1.00575,0.212087,0.703363,0.296652
4.45035,2.18485,1.16548,0.231893,0.775686,0.224397
4.37678,2.18084,1.18075,0.218116,0.773854,0.226215
4.13691,2.14459,1.00727,0.211465,0.726313,0.273719
1.41638,8.6284,0.335962,1.64396,0.707413,0.292583
4.12555,2.14344,1.12823,0.238636,0.748957,0.251049
4.11181,2.14975,1.12877,0.237878,0.700815,0.299235
4.0313,2.15636,1.06673,0.259833,0.721504,0.278576
3.9878,2.13075,0.873975,0.242891,0.71145,0.288681
3.87857,2.15612,0.872285,0.307414,0.691551,0.308522
4.36674,2.12353,1.27699,0.268153,0.757759,0.242344
3.76571,2.07494,0.892676,0.243209,0.675705,0.324304
1.45148,8.32241,0.297446,1.79474,0.72134,0.278689
4.29375,2.17735,1.02112,0.230496,0.740157,0.259878
1.35135,8.45552,0.336794,2.47321,0.735874,0.26419
4.79744,2.37535,1.46206,0.307329,0.825333,0.17476
4.03061,2.18442,1.07359,0.205053,0.755684,0.244385
4.31262,2.24989,1.11503,0.240481,0.774075,0.225968
4.13266,2.08455,1.08317,0.230939,0.684859,0.315201
1.39101,7.7972,0.35818,2.55454,0.711771,0.288218
4.60582,2.29553,1.49272,0.199588,0.803009,0.197032
4.15871,2.12871,1.08888,0.162462,0.728194,0.271846
1.34733,7.79534,0.229983,1.8482,0.617638,0.382434
1.43714,8.35345,0.330369,3.47998,0.73844,0.26161
3.88447,2.04159,0.918132,0.232967,0.679653,0.320433
4.07655,2.10237,0.962328,0.246776,0.677497,0.322547
4.04918,2.21308,1.28672,0.245643,0.728364,0.271715
3.8269,2.05629,1.09646,0.30227,0.671794,0.328201
4.16024,2.24241,1.0822,0.245962,0.720529,0.279492
3.99569,2.11054,1.11197,0.204096,0.698409,0.301658
4.35574,2.11682,1.17597,0.240468,0.769132,0.230947
4.21211,2.11583,1.06166,0.309329,0.762738,0.237214
3.97316,2.18243,1.03529,0.2318,0.705185,0.294886
1.46661,9.42881,0.228536,3.0473,0.73611,0.263871
4.42876,2.21557,1.42504,0.275999,0.810331,0.189715
4.35835,2.13006,1.27599,0.238544,0.722356,0.277663
4.31235,2.19992,1.1459,0.222765,0.748974,0.251088
1.43258,8.77293,0.30497,2.32212,0.723173,0.27688
1.38521,9.0142,0.254975,2.78296,0.74072,0.259201
4.21764,2.18906,1.01281,0.283881,0.760126,0.239973
4.20495,2.2053,0.959911,0.213344,0.707902,0.29218
4.25062,2.17552,1.16629,0.242966,0.799598,0.200374
3.87171,1.95899,0.780514,0.20353,0.622395,0.377595
4.07558,2.13044,1.13044,0.286043,0.714198,0.285735
1.39301,8.82069,0.352528,2.13959,0.746374,0.253712
4.15221,2.28189,1.20716,0.207333,0.769079,0.231001
1.51101,8.71163,0.281659,3.00055,0.777778,0.222353
4.03251,2.11516,1.04187,0.308404,0.780453,0.219534
4.27119,2.13713,0.951591,0.19091,0.701689,0.298502
1.4919,8.35092,0.366407,2.39741,0.765189,0.234904
4.08554,2.11769,1.08858,0.209073,0.726987,0.273053
4.26256,2.07741,0.9789,0.207798,0.690559,0.309467
4.44461,2.08256,1.3496,0.280071,0.714949,0.28513
1.46337,8.88874,0.249198,3.30702,0.702117,0.298004
1.38972,8.01909,0.314288,2.85841,0.729251,0.270754
1.41708,8.0977,0.286098,2.36071,0.714906,0.285178
4.11516,2.14137,1.10041,0.242609,0.771279,0.228743
1.43442,8.18883,0.340911,3.17209,0.716734,0.283274
4.26446,2.17114,1.17525,0.274192,0.706843,0.29322
4.03232,2.08113,1.05949,0.2114,0.728272,0.271816
1.42526,8.87758,0.351898,2.09175,0.768964,0.231138
4.36514,2.12473,1.18175,0.212012,0.76903,0.23103
3.90254,2.04205,0.974034,0.295837,0.682026,0.318049
3.82088,2.02123,0.754283,0.252217,0.679907,0.320132
3.85547,2.07214,1.15033,0.269808,0.678494,0.321515
4.30376,2.13386,0.974738,0.202088,0.681933,0.318103
1.46203,9.00853,0.392638,2.74201,0.79369,0.206372
4.3778,2.18088,1.17875,0.229778,0.744463,0.255641
1.4606,9.19487,0.323672,3.35098,0.759389,0.240699
3.84096,2.10389,0.942062,0.228621,0.683565,0.316541
1.43402,8.87759,0.2593,2.10256,0.701379,0.298662
3.84386,2.13304,1.1062,0.2888,0.713967,0.286088
1.46509,7.86029,0.394899,2.58039,0.654767,0.345308
4.03685,2.08803,1.09198,0.271886,0.704019,0.296037
4.08533,2.23423,0.921063,0.263569,0.719833,0.280139
4.09063,2.14933,1.12799,0.258659,0.732913,0.267115
4.07114,2.15098,1.21609,0.249929,0.749308,0.25078
1.43949,8.0466,0.31012,2.27646,0.729713,0.270344
4.15657,2.16759,0.990107,0.232958,0.757813,0.242212
4.33153,2.28476,1.1353,0.254792,0.818862,0.181167
4.16182,2.15958,1.09433,0.177273,0.671124,0.328837
4.23998,2.12991,1.05004,0.237104,0.726897,0.273155
1.45309,9.50664,0.365385,1.81469,0.846846,0.153239
4.09863,2.16411,0.938027,0.281663,0.730368,0.269753
3.89772,2.18163,0.920083,0.261969,0.728771,0.271227
1.5016,8.92852,0.337869,3.19656,0.856373,0.143633
4.00318,2.0176,1.08573,0.22725,0.713359,0.286729
4.3192,2.19204,1.04163,0.26302,0.782443,0.217572
4.15801,2.10521,0.985333,0.220278,0.691776,0.308315
1.42951,8.23403,0.308323,3.59028,0.75423,0.245868
4.28642,2.10705,1.18173,0.189171,0.704907,0.295072
1.44386,8.89948,0.27556,2.97374,0.738696,0.261329
4.31712,2.112,1.0141,0.18198,0.718442,0.281597
4.26427,2.20125,1.1919,0.227491,0.708812,0.291247
1.44043,7.81552,0.360173,1.62565,0.695973,0.30408
4.0241,2.14893,1.05356,0.227042,0.751516,0.248557
4.31483,2.22264,1.2118,0.252045,0.757891,0.24205
4.16537,2.15075,0.937902,0.274654,0.749893,0.250086
1.45499,8.55079,0.239687,1.67249,0.684098,0.316047
1.46673,8.40219,0.36308,2.31077,0.729921,0.27012
4.21196,2.10838,1.16452,0.270704,0.722655,0.277447
1.4579,10.6458,0.364676,2.77832,0.816113,0.183925
4.28337,2.23124,1.0924,0.189842,0.735241,0.264837
1.54257,8.25463,0.317643,2.85869,0.721797,0.278256
4.09964,2.13204,1.05408,0.252762,0.698226,0.301845
1.49896,8.78804,0.349575,0.626118,0.772969,0.22715
4.01288,2.15996,0.962191,0.223461,0.702901,0.297185
3.99884,2.10953,1.0035,0.203569,0.712556,0.28744
4.05977,2.11676,1.04892,0.289716,0.803976,0.196103
1.42263,8.41202,0.360938,2.41313,0.697147,0.30291
1.47278,8.00928,0.391732,2.56604,0.778319,0.221748
4.16029,2.09649,1.15491,0.213347,0.72217,0.277848
1.44678,9.02398,0.366465,2.91976,0.772849,0.22724
1.44338,7.98686,0.292105,2.33074,0.765421,0.234606
4.10689,2.17021,1.14124,0.24369,0.750549,0.249493
1.46317,8.5091,0.380395,3.07879,0.811039,0.189029
4.03714,2.18553,1.05968,0.244109,0.695687,0.30439
1.41469,8.6692,0.347652,3.50664,0.775928,0.224107
3.97576,2.05679,1.15146,0.264963,0.677541,0.322425
3.72314,2.02537,1.08562,0.274826,0.654347,0.345704
4.13727,2.11011,0.889609,0.244547,0.731255,0.268801
1.45612,8.7815,0.285305,2.70648,0.760637,0.23944
4.03371,2.05291,1.04003,0.277323,0.64685,0.353176
4.18158,2.11466,0.924254,0.25495,0.700012,0.30003
1.39231,8.21466,0.291108,2.82407,0.650416,0.34964
4.0707,2.15365,0.972987,0.260226,0.677482,0.322502
4.1246,2.12999,1.04898,0.253429,0.706929,0.293051
3.95661,2.13616,1.11272,0.228621,0.76266,0.237389
1.42981,8.44136,0.316723,2.50311,0.734692,0.265348
1.52365,8.96815,0.262545,3.88912,0.822655,0.177365
1.47545,8.23472,0.387624,3.30393,0.761273,0.238704
4.17743,2.12514,1.08379,0.229092,0.684708,0.315375
4.17221,2.24298,0.944586,0.283616,0.753601,0.246563
1.45316,8.05028,0.284943,2.52607,0.702047,0.298087
4.13028,2.22888,1.15641,0.222874,0.75763,0.242441
3.77731,2.09385,0.934909,0.252402,0.718626,0.281353
3.74811,2.0648,1.00411,0.237147,0.698219,0.301899
4.12229,2.21717,1.04161,0.201673,0.736195,0.263893
4.17312,2.14864,1.00227,0.187336,0.710061,0.289915
1.42215,8.64425,0.347303,2.89,0.781632,0.218342
4.00885,2.13561,0.985428,0.240924,0.726802,0.273389
1.52207,9.37478,0.294983,3.04586,0.805495,0.194564
1.44579,9.14967,0.314983,3.56085,0.769256,0.230764
4.09914,2.15834,0.956931,0.227646,0.713873,0.286181
4.06236,2.092,1.05707,0.239315,0.692419,0.307713
4.17852,2.14291,1.1737,0.275206,0.741675,0.258405
4.07594,2.19085,1.02684,0.202669,0.73379,0.266275
1.43053,9.45783,0.359236,3.22122,0.759568,0.24051
4.33472,2.29127,1.4285,0.26773,0.8469,0.153178
1.44333,8.58646,0.284473,2.45858,0.722199,0.277905
3.84086,2.0767,0.999638,0.313223,0.659749,0.340346
3.87897,1.95066,1.03644,0.277144,0.665795,0.334321
4.68281,2.39855,1.42972,0.157103,0.867239,0.132773
4.00954,2.14225,1.02672,0.23373,0.680256,0.319749
3.94767,2.07655,0.990136,0.265966,0.715003,0.285093
1.5103,9.16156,0.29002,2.42607,0.775836,0.224226
4.47662,2.33636,1.40447,0.294625,0.83069,0.169401
4.49295,2.17632,1.08639,0.284267,0.816748,0.183255
4.3031,2.06317,0.98034,0.256179,0.652337,0.347687
4.09991,2.01541,0.902593,0.234095,0.691232,0.308792
4.18995,2.14821,0.986824,0.207243,0.735146,0.26485
4.31764,2.25468,1.19945,0.301707,0.814866,0.185085
3.93841,2.06152,1.09529,0.227449,0.705205,0.294932
4.0481,2.09277,1.08128,0.257037,0.704447,0.295602
4.23205,2.26271,1.24512,0.27719,0.784541,0.215478
4.34712,2.27817,1.19401,0.205659,0.743377,0.256672
1.47589,9.44986,0.312659,1.67242,0.754829,0.245173
4.16759,2.17659,1.05683,0.251745,0.728478,0.271555
1.41944,8.04786,0.304221,1.55304,0.696287,0.303751
3.69158,2.07924,1.17074,0.297221,0.71074,0.289242
1.3667,9.23355,0.335102,1.88831,0.699111,0.300941
4.22647,2.17252,1.03605,0.243103,0.736702,0.263359
1.37482,8.29357,0.324936,2.53305,0.737401,0.26267
1.43802,8.3484,0.246801,2.70093,0.688912,0.311156
1.41124,8.97924,0.351676,2.65767,0.70488,0.295193
1.47582,9.28255,0.338165,3.22997,0.757435,0.242574
1.4064,8.94899,0.385857,2.7152,0.729476,0.270642
1.41638,7.96833,0.358496,3.10245,0.660602,0.339422
1.48909,8.55465,0.283093,3.12482,0.686497,0.313524
1.49208,8.61704,0.379454,3.01024,0.752904,0.247137
1.46176,8.10432,0.267881,2.80619,0.728774,0.271266
4.21097,2.05983,0.875575,0.193004,0.699988,0.300019
4.1594,2.12475,0.985116,0.277583,0.675162,0.324865
1.37984,9.11208,0.29097,2.02663,0.785906,0.214126
4.32046,2.22887,1.12811,0.223319,0.738009,0.261975
3.66352,2.07934,0.935417,0.297026,0.683576,0.31652
1.44282,8.19071,0.283406,2.77156,0.731415,0.268641
1.45684,8.7627,0.312549,3.66825,0.713761,0.286248
1.35599,8.97947,0.303869,2.39545,0.767368,0.232721
1.52792,10.2586,0.312827,4.10258,0.80113,0.198953
4.05152,2.16529,1.03236,0.203971,0.717343,0.282699
1.44025,9.4673,0.310503,2.58423,0.720885,0.279142
4.0748,2.0917,1.13193,0.255009,0.678453,0.321542
1.43555,10.0704,0.343295,2.72587,0.776703,0.223298
1.44907,9.31209,0.298002,2.02526,0.719711,0.280362
