mu1,mu2,mu3,sigma1,sigma2,sigma3,w1,w2,w3
4.00728,7.23387,11.2191,1.04659,1.68294,2.69196,0.651634,0.263028,0.0854298
4.06056,7.21469,10.3724,1.02058,1.5817,2.3482,0.627447,0.260286,0.112303
3.94662,7.18269,10.2201,1.00009,1.60126,2.51779,0.634925,0.258955,0.10613
4.03713,7.43804,11.0263,1.03624,1.63392,2.37822,0.646157,0.260136,0.0937697
4.05849,7.24524,9.94944,0.962176,1.59462,2.59852,0.614073,0.269863,0.116232
4.00968,7.24073,10.314,1.00993,1.60958,2.60938,0.625303,0.247632,0.127092
4.01618,6.87161,10.0934,0.996453,1.69203,2.60061,0.60579,0.274517,0.119768
3.99451,7.22694,11.0577,1.01346,1.61147,2.40045,0.640678,0.263152,0.0962209
3.97044,6.73988,10.2863,1.02685,1.60848,2.19737,0.594309,0.263463,0.142324
4.02712,6.90106,10.1367,1.03407,1.84217,2.50938,0.599814,0.265711,0.134422
4.03347,7.08062,10.1962,0.954426,1.46766,2.22849,0.643869,0.241636,0.114523
4.08454,7.7986,11.5121,1.05761,1.49216,2.22798,0.692536,0.23194,0.0754893
3.90439,6.80937,9.91304,1.00703,1.74497,2.3299,0.594756,0.248621,0.156707
4.01684,7.60903,11.2064,0.960065,1.58077,2.63046,0.673336,0.242415,0.0843155
3.85739,6.34315,10.0148,1.0093,1.84839,2.33792,0.579459,0.277671,0.142992
4.02018,7.22071,11.0748,1.02683,1.79639,2.46163,0.646242,0.263694,0.0901438
3.96186,7.04486,11.6004,0.956414,1.55358,2.46344,0.644683,0.271423,0.0840283
4.0259,7.16328,10.4897,1.05467,1.64202,2.35054,0.634481,0.243444,0.122149
3.99028,6.63897,10.4829,1.04099,1.67516,1.98103,0.617286,0.258831,0.123915
3.98085,7.2785,10.7971,1.0067,1.58553,2.15145,0.65333,0.243688,0.102961
4.08527,7.36544,11.6011,1.0328,1.55615,2.57168,0.669123,0.253238,0.0777012
3.97413,7.25033,10.4655,1.00195,1.46036,2.3135,0.638621,0.272765,0.0887601
4.07398,6.97201,11.0415,1.05942,1.80152,2.71087,0.621149,0.285151,0.0937181
3.95855,7.21451,10.4953,0.970349,1.5526,2.4499,0.646994,0.254956,0.0981409
4.14406,8.26499,12.2606,1.08331,1.45628,2.35003,0.710802,0.232323,0.0569677
4.09137,7.88574,12.0586,1.10398,1.54558,2.50595,0.673804,0.259753,0.0665251
4.00495,7.31463,10.8038,1.0019,1.6617,2.70036,0.637845,0.265396,0.0967794
4.06272,7.22264,11.2528,1.06287,1.79391,2.70678,0.652693,0.252402,0.0949259
4.02571,7.71577,11.0092,1.00784,1.61432,2.98472,0.667672,0.245067,0.0872478
4.01765,7.07932,10.6835,1.02311,1.76833,2.45086,0.628359,0.251898,0.119727
3.9609,7.2905,11.3339,0.993903,1.64469,2.57201,0.628594,0.282298,0.0892203
3.98498,7.01411,10.2938,1.01231,1.71101,2.49613,0.616031,0.263736,0.120315
3.96995,6.61,10.2303,0.99024,1.66512,2.01038,0.574284,0.289553,0.136128
3.98526,7.02755,10.5174,0.997476,1.57515,2.2422,0.623317,0.264683,0.112015
3.92979,6.65263,10.2374,0.988239,1.61356,2.39741,0.596842,0.277187,0.126054
3.91785,6.96704,10.1709,1.01586,1.68141,2.75609,0.604852,0.272487,0.122759
3.95437,7.20089,10.6876,1.01676,1.63188,2.70727,0.624741,0.27721,0.0981337
3.96726,6.93702,10.1674,1.00731,1.5908,2.11726,0.602315,0.275212,0.122473
4.02269,7.03013,10.4377,0.983492,1.58982,2.41879,0.605746,0.287171,0.107201
3.92432,6.75932,9.96589,1.02097,1.67414,2.17968,0.594909,0.267056,0.138143
4.06899,7.60309,12.1253,1.03381,1.41508,2.23276,0.662422,0.267913,0.0697494
4.01446,7.25815,10.5634,1.03698,1.63866,2.46055,0.650333,0.246803,0.102909
3.97784,6.91024,10.3776,0.955673,1.70124,2.34804,0.608884,0.25979,0.131382
4.01413,7.00017,10.4117,0.987473,1.64921,2.68198,0.622656,0.26225,0.115205
4.10949,7.16259,11.1421,1.04775,1.69092,2.49694,0.655415,0.263609,0.0810011
3.97408,7.27848,10.4234,0.989252,1.55635,2.46516,0.645701,0.245413,0.108958
4.02796,7.42199,11.006,1.03766,1.52987,2.39765,0.65695,0.261342,0.081848
4.14012,7.4422,11.0875,1.04022,1.68677,2.56923,0.658719,0.255699,0.0856243
4.04762,7.4924,11.0108,1.00073,1.73856,2.32148,0.65794,0.230242,0.111829
4.05903,7.18068,11.2895,1.00024,1.74379,2.54117,0.651685,0.248162,0.100148
3.99965,6.92147,10.621,1.02099,1.85075,2.29092,0.629757,0.248952,0.121315
4.04655,7.53646,11.1521,1.02852,1.63899,2.7023,0.660194,0.259786,0.0801533
3.98086,5.82743,9.49954,0.942888,1.67696,2.0688,0.538965,0.292329,0.168725
3.86939,6.2663,9.8286,1.03874,1.68368,2.24482,0.547596,0.29182,0.160593
3.85902,6.47943,9.82359,0.974848,1.73689,2.48989,0.56032,0.273471,0.166242
3.98152,7.49123,10.3494,0.980743,1.63439,2.38954,0.641412,0.235078,0.123642
4.01234,7.35686,10.9651,0.992175,1.60924,3.10509,0.640559,0.267808,0.0916052
3.86809,6.43896,10.1873,0.971815,1.60641,2.31497,0.573808,0.289716,0.136522
3.95264,6.66434,10.5643,0.966336,1.58503,2.04968,0.619549,0.263975,0.11651
4.12872,7.95111,11.156,1.0771,1.49494,2.1613,0.683088,0.225862,0.0910764
3.88475,6.13232,9.68176,0.958795,1.74596,2.30451,0.543115,0.272111,0.184907
3.93202,7.1637,10.5866,1.03025,1.68791,2.62841,0.625805,0.272077,0.102153
4.0088,7.31435,10.1893,0.975622,1.61643,2.49469,0.633416,0.23848,0.128204
4.15336,7.81684,11.1293,1.01488,1.44475,2.52035,0.683087,0.239655,0.0771778
3.8686,5.58871,9.53904,0.99758,1.76503,2.58647,0.472317,0.350805,0.176918
4.03935,7.20594,10.4991,1.04764,1.80594,2.61543,0.639705,0.249673,0.110645
4.06776,7.22315,10.5956,1.01779,1.65505,2.54676,0.633142,0.254163,0.112796
4.00739,6.97449,11.2673,1.02938,1.58729,2.10928,0.641242,0.277519,0.0812574
4.0513,6.75076,10.2969,1.01147,1.74895,2.11315,0.617768,0.258335,0.123927
3.99845,7.02104,10.6378,1.07722,1.76817,2.40207,0.627974,0.266753,0.10536
4.03819,7.4945,11.6335,1.05721,1.64951,2.94629,0.658072,0.270492,0.0715274
4.01612,6.73865,10.171,0.964344,1.44582,2.30428,0.606203,0.281638,0.112204
4.08186,7.84095,11.5304,1.07476,1.63294,2.51225,0.687145,0.244101,0.068819
4.01723,7.76991,11.3923,0.998679,1.4631,2.24515,0.67642,0.245785,0.0778655
4.02862,6.69155,10.0614,0.946697,1.72451,2.4605,0.60265,0.259609,0.137771
3.98263,6.7718,10.1365,0.961537,1.75688,2.48868,0.589258,0.271598,0.139172
3.98004,7.41846,11.8405,1.01033,1.55478,2.30003,0.657293,0.274783,0.0679378
3.93272,7.25325,10.7978,0.974244,1.67103,2.58413,0.620212,0.285004,0.0948749
4.02045,7.2327,9.9992,1.01927,1.73034,2.32516,0.634606,0.240248,0.125229
4.11328,7.59563,11.1439,1.00879,1.73389,3.33187,0.658547,0.260495,0.0810284
4.01529,7.02335,10.9364,0.98037,1.57773,2.2783,0.626104,0.255636,0.11828
4.0026,6.92467,10.2318,1.05622,1.70662,2.32328,0.627566,0.240851,0.131616
3.94602,6.9319,10.0687,1.02923,1.67506,2.64144,0.589759,0.280729,0.12954
4.05316,7.40803,11.0614,1.03078,1.61592,2.65691,0.653647,0.247876,0.0984756
3.89359,6.00769,9.83703,1.01436,1.76934,2.55844,0.521289,0.317739,0.160917
4.00973,7.06111,10.7509,1.06433,1.52778,2.16069,0.632514,0.262959,0.1046
4.00306,6.99577,10.5976,1.00577,1.57468,2.42633,0.623855,0.265251,0.110939
4.07591,7.75598,11.9425,1.04333,1.57469,2.84068,0.655967,0.277264,0.066825
4.127,7.84944,10.7614,1.06935,1.50178,2.51676,0.660343,0.247031,0.0927289
3.99819,7.13734,10.778,1.0034,1.57326,2.427,0.629722,0.261523,0.10874
4.07745,7.66363,10.8879,1.06115,1.643,2.50476,0.655896,0.239193,0.105
3.9188,6.74737,10.1248,0.940867,1.58357,2.38943,0.602867,0.272949,0.124223
4.06179,7.51216,11.182,1.00055,1.56514,2.37869,0.659637,0.24584,0.094565
4.126,7.95024,12.0127,1.04904,1.47902,2.61401,0.697368,0.256351,0.0464001
3.99919,6.83524,10.5253,1.01836,1.66749,2.23146,0.617692,0.259079,0.123261
3.99739,7.19292,10.4892,0.960283,1.60094,2.81114,0.641837,0.259473,0.0987129
4.09405,7.87606,12.6818,1.04169,1.51051,2.73555,0.688107,0.263928,0.0479896
4.01362,7.44473,10.452,1.02094,1.53075,2.45739,0.641735,0.254932,0.103339
3.96983,7.28964,11.1988,1.04118,1.50181,2.0525,0.64102,0.257485,0.101502
4.11867,7.6632,11.3783,1.05491,1.6786,2.78007,0.660747,0.251259,0.0880102
4.03723,7.33586,11.4212,1.07059,1.47046,2.30021,0.660588,0.265223,0.0742031
4.04644,7.3597,11.7097,1.09946,1.8193,2.79289,0.637054,0.290031,0.0730127
4.029,6.64961,10.46,1.00924,1.61274,2.55617,0.592166,0.299262,0.108634
3.99605,7.04493,11.1584,1.02318,1.47004,2.17844,0.61506,0.28682,0.0981317
4.00358,7.01046,10.4667,0.999194,1.72253,2.25455,0.621844,0.256579,0.121599
4.01386,7.06458,10.235,1.07197,1.74601,2.13307,0.623517,0.254436,0.122125
4.00015,6.90832,10.718,0.997032,1.61978,2.38865,0.619466,0.272185,0.108449
3.93492,6.74283,10.4167,1.04244,1.67606,2.5435,0.594557,0.293483,0.112056
4.06636,7.45219,10.8221,1.01212,1.53536,2.76731,0.667678,0.249865,0.0823942
4.0817,6.29702,10.1922,1.00337,1.85787,2.75404,0.56286,0.296781,0.14042
4.0674,7.58762,11.3554,1.07024,1.54776,2.74766,0.661789,0.261036,0.0771832
3.87201,6.62891,10.2848,0.953819,1.63307,2.35891,0.589822,0.267269,0.142987
3.99051,6.93942,10.5751,1.0043,1.65711,2.63504,0.621794,0.26894,0.109301
4.05318,7.11333,10.906,0.973374,1.55025,2.26417,0.632709,0.262324,0.10508
4.01883,7.24323,10.6047,1.05006,1.71626,2.84381,0.631863,0.268788,0.0994426
4.10454,7.19895,11.0493,1.08272,1.68303,2.40381,0.645985,0.262063,0.0920302
3.92074,6.2629,9.9741,0.9761,1.77266,2.2318,0.565419,0.277331,0.157204
4.03004,6.83441,10.2427,1.00793,1.69099,2.71639,0.602092,0.273162,0.124727
3.94748,6.68391,10.8021,1.03284,1.71791,2.5066,0.591929,0.296029,0.112062
4.05158,6.69756,10.1066,0.951353,1.7238,2.3276,0.601306,0.257613,0.141177
4.08007,7.2705,10.8367,1.04069,1.70228,2.88361,0.622967,0.273641,0.103379
4.00655,6.81595,9.72243,0.989688,1.75121,2.55511,0.618416,0.242502,0.139076
3.9972,7.50435,10.9918,1.10985,1.59085,2.44703,0.662786,0.253944,0.0833083
3.91216,6.2384,9.76921,0.983717,1.66114,2.14939,0.570408,0.279345,0.150301
3.96087,6.93509,9.95686,1.00891,1.84837,2.65336,0.59333,0.260479,0.146285
4.14754,7.53718,10.7312,1.00613,1.66395,2.4696,0.660834,0.235692,0.103572
4.05722,7.87572,11.2349,1.07374,1.6296,3.06141,0.673822,0.235979,0.0902452
3.95219,7.02301,10.225,0.994937,1.79085,2.404,0.622071,0.241861,0.136095
4.07153,7.60313,11.1259,0.980338,1.45248,2.49852,0.657496,0.256651,0.0859617
3.90224,6.90018,10.2257,1.0278,1.76791,2.67777,0.617503,0.268794,0.113774
4.03627,7.02882,10.5413,1.01841,1.70856,2.565,0.639213,0.265018,0.0957969
4.04729,6.92022,11.1607,1.08443,1.61063,2.43731,0.638805,0.268011,0.0932444
4.09577,7.37709,11.4078,0.994223,1.56789,2.43696,0.65581,0.267441,0.0768874
4.06521,7.3416,10.9842,1.04175,1.46581,1.91132,0.656128,0.241219,0.1026
4.03511,7.25295,10.8193,0.977655,1.5972,2.20432,0.63665,0.262193,0.101253
4.14623,7.92466,11.1905,1.00221,1.62222,2.60448,0.691309,0.230114,0.0786464
3.96692,6.85417,10.4801,0.972196,1.66844,2.19901,0.632921,0.256457,0.110639
4.05876,7.49736,10.7573,1.03697,1.77749,2.36652,0.651416,0.242224,0.106483
3.98902,6.85679,9.78619,0.981735,1.60443,2.24235,0.596057,0.261815,0.142202
4.01024,7.39402,11.0988,1.04444,1.59773,2.57004,0.651766,0.265244,0.0830764
4.07194,7.27782,10.2499,0.979753,1.62798,2.56471,0.629487,0.254787,0.115734
4.00533,7.34919,10.7654,1.01616,1.55101,2.58838,0.661549,0.252786,0.0856964
4.06361,7.32023,10.568,1.07141,1.63445,2.6454,0.627128,0.27077,0.102167
4.14037,7.83696,12.1376,1.08068,1.52572,2.9301,0.69065,0.255499,0.0539308
4.0102,6.97597,10.6296,1.01784,1.63652,2.29539,0.635914,0.24837,0.115744
4.0522,7.24217,10.4875,1.00288,1.55535,2.32729,0.658285,0.254391,0.0873433
4.01941,7.01326,10.0683,0.964335,1.73911,2.77306,0.593,0.277752,0.129316
4.02996,7.58674,10.9334,1.02185,1.61276,3.13869,0.661331,0.263371,0.0753297
4.03007,5.96587,10.1127,1.05033,1.7496,2.26695,0.547942,0.306339,0.145703
3.98498,7.05798,10.8255,0.991493,1.41507,2.4193,0.632452,0.279413,0.0882724
3.93642,6.07866,9.58986,0.995117,1.71266,2.02481,0.547034,0.290699,0.162269
4.09252,7.26552,11.4134,1.04934,1.58956,2.52925,0.64796,0.276721,0.0753305
4.01078,7.41174,10.8867,1.03765,1.54199,2.37048,0.6565,0.23549,0.108038
4.0385,7.34817,10.4189,1.05542,1.71533,2.52379,0.636643,0.258429,0.104969
4.00361,6.8492,10.0445,1.02229,1.68118,2.53471,0.589754,0.29182,0.118491
3.96444,6.69954,10.2075,1.04461,1.58422,2.00573,0.606275,0.275585,0.118265
3.98519,7.20625,10.9018,1.01449,1.77209,2.63694,0.633168,0.258592,0.108318
3.93504,6.90381,10.1024,1.00271,1.72546,2.86819,0.599069,0.283453,0.11754
4.05983,7.41591,10.4632,1.03463,1.68425,2.61136,0.656046,0.232272,0.111663
3.95706,6.57412,10.1375,0.99359,1.65112,2.17887,0.574394,0.288231,0.137393
3.97136,6.25861,10.0195,1.01895,1.80442,2.28876,0.546487,0.316625,0.136931
3.91664,6.89701,9.91004,0.991854,1.67991,2.21897,0.590622,0.260527,0.148899
4.06612,7.05679,10.3076,1.00601,1.57481,2.6834,0.626567,0.264654,0.108795
4.05919,7.4959,10.8118,1.06321,1.5904,2.98365,0.659895,0.259925,0.0802759
4.09343,7.44919,10.6946,1.05225,1.76764,2.53646,0.658785,0.22544,0.115769
3.9932,6.83862,10.9972,1.00036,1.53571,2.11341,0.63392,0.271142,0.0950505
4.09219,7.65478,11.2518,1.05575,1.57514,2.83035,0.667356,0.253468,0.0791775
4.06998,7.4681,11.1299,0.956854,1.38807,1.96121,0.667882,0.244053,0.0880073
4.04438,7.12135,11.0026,1.03335,1.71012,2.93982,0.633538,0.269643,0.0968535
3.97948,6.99498,10.1993,0.996464,1.70907,2.47972,0.601573,0.268547,0.129968
4.10807,7.24426,10.5423,1.07053,1.60794,2.49572,0.64706,0.263861,0.0891874
4.12779,7.51013,10.8591,1.0179,1.68772,2.27447,0.662896,0.222045,0.115123
4.04903,7.33495,10.4395,0.991761,1.66008,2.48774,0.658062,0.234455,0.107537
4.06641,7.22825,10.9893,1.01871,1.6418,2.55669,0.645865,0.270153,0.083932
3.98363,7.51374,11.6442,0.946341,1.49672,2.5663,0.661839,0.2594,0.0788387
3.9549,7.08675,10.2843,0.98484,1.54796,2.36169,0.631583,0.254263,0.11421
4.06677,7.3605,10.3782,1.03721,1.57836,2.38118,0.641213,0.258007,0.100818
4.06815,7.61154,10.7102,1.03688,1.24822,1.72347,0.686816,0.228244,0.0850366
3.97394,6.95107,10.323,0.990728,1.59462,2.39113,0.616628,0.254422,0.128932
4.11829,7.93647,12.1532,1.04417,1.52988,2.48293,0.693981,0.251445,0.054691
4.06209,7.36858,11.7076,0.987255,1.55377,2.54757,0.652231,0.279402,0.0684226
3.90106,6.85723,10.0401,0.973286,1.60345,2.50369,0.591903,0.286339,0.121761
4.02499,6.99464,10.3251,0.977759,1.37784,1.96377,0.610027,0.271276,0.118752
4.06466,7.19323,10.9918,1.02112,1.79672,2.39638,0.642653,0.24843,0.109013
4.07614,7.26763,11.1707,1.06392,1.56389,2.20068,0.643234,0.26769,0.0891158
4.04886,6.93804,10.6336,1.02133,1.78769,2.67075,0.615761,0.269799,0.114518
3.96514,7.36436,10.4271,0.969747,1.54268,2.42136,0.652542,0.242331,0.105186
3.97367,7.39389,10.5566,1.02454,1.52037,2.2102,0.664574,0.225245,0.110299
4.04476,7.01379,10.9521,0.979729,1.70208,2.37291,0.622735,0.264787,0.11238
4.0234,7.39252,10.5339,1.00141,1.49109,2.11097,0.653782,0.240099,0.106189
3.93603,5.87346,9.97646,0.993568,1.79996,2.58857,0.526198,0.309239,0.164646
3.81874,5.93703,9.86691,0.95423,1.56028,2.2593,0.521732,0.325351,0.15296
3.99075,6.75579,10.3174,0.980468,1.5251,2.20097,0.601231,0.282133,0.116759
4.08774,7.60535,11.5765,1.03653,1.49916,2.28456,0.678473,0.239844,0.0817182
4.13338,7.69487,10.9407,1.02785,1.68222,3.11245,0.66504,0.256345,0.0786475
3.97962,7.08347,10.2446,0.976803,1.7056,2.62122,0.606293,0.257041,0.136692
3.96801,5.98651,10.3122,1.00139,1.83915,2.48246,0.547622,0.307396,0.145104
3.9992,6.90286,10.5924,0.994949,1.6247,2.32518,0.604141,0.2714,0.12447
4.02232,7.64126,11.2091,1.0883,1.51376,2.38684,0.669449,0.256231,0.0743444
3.97438,6.9122,9.88053,1.02113,1.7113,2.77519,0.599485,0.274279,0.126301
4.01662,6.90595,10.4484,1.01573,1.58805,2.26564,0.626681,0.272669,0.100741
3.99036,7.32609,10.7717,1.0357,1.68362,2.49585,0.654724,0.248985,0.0963931
3.96446,6.594,10.2774,0.989087,1.80604,2.95723,0.579615,0.30045,0.120007
4.18483,7.85935,12.469,1.08731,1.47654,1.9323,0.679362,0.259068,0.0616237
4.10614,7.65811,10.7769,1.02405,1.51464,2.618,0.678111,0.242824,0.0791236
4.18308,7.65719,11.2641,0.99969,1.62967,2.83239,0.675582,0.253372,0.0711471
4.04776,7.58767,11.5293,1.08822,1.60971,2.62518,0.665643,0.261882,0.0726087
3.98296,6.80541,10.5491,1.01966,1.87012,2.77733,0.606854,0.266385,0.126812
4.02507,7.39555,11.3529,0.986664,1.54699,2.46114,0.650304,0.261298,0.0884911
4.09711,7.61013,10.9957,1.05858,1.65614,2.97708,0.672534,0.243273,0.0842095
3.98874,7.61835,11.2925,1.0037,1.49566,2.10713,0.659288,0.252674,0.0880161
4.05529,7.61785,11.2817,1.04603,1.5636,2.84616,0.658102,0.259209,0.0827418
4.20674,7.4322,10.995,1.06053,1.79714,2.5926,0.66716,0.238581,0.0942797
3.92835,6.4548,9.98772,0.984447,1.77053,2.48361,0.584358,0.276549,0.139117
4.00949,7.60267,11.6267,1.04642,1.69875,2.89238,0.691064,0.245947,0.0629628
4.06067,7.732,10.9968,1.0526,1.65623,2.64608,0.684138,0.222543,0.0934165
4.00678,7.16543,10.6408,0.936287,1.41716,2.00735,0.651735,0.250796,0.097577
4.05917,7.68701,11.3135,1.04137,1.52723,2.65688,0.665825,0.265247,0.0689978
4.01666,7.15463,10.1164,0.997671,1.70683,2.31854,0.629791,0.251083,0.119219
4.03094,7.38632,11.1567,1.00328,1.57872,2.29741,0.660677,0.253494,0.0858751
4.03569,7.23351,10.3629,1.00646,1.61307,2.4101,0.630239,0.2518,0.11797
4.05398,7.41145,10.6817,1.01408,1.46751,2.66435,0.641413,0.256385,0.102312
3.9945,6.71235,10.3213,0.972786,1.76852,2.51322,0.598913,0.270916,0.130247
3.90659,6.53474,10.5437,1.0618,1.63212,1.91963,0.584892,0.286258,0.128798
4.01081,7.19392,10.8512,1.01436,1.57681,2.31463,0.663066,0.235984,0.100957
4.02127,7.01951,10.8803,1.04266,1.5839,2.31446,0.629325,0.257633,0.113097
4.09801,7.51517,10.8214,1.02612,1.57823,2.40119,0.669218,0.242817,0.0880209
3.99508,6.96592,10.0548,1.07551,1.86627,2.70587,0.603476,0.271161,0.125395
4.0182,6.49503,10.375,1.00122,1.83229,2.50616,0.58297,0.293878,0.123173
4.04588,6.45152,10.2755,1.04079,1.68112,2.36284,0.585514,0.289363,0.12511
4.0463,6.90546,10.3543,1.07532,1.73133,2.05378,0.638187,0.24436,0.117481
3.98505,7.30533,11.1456,1.04315,1.60704,2.29689,0.655379,0.254493,0.0902191
4.06,7.00899,10.4596,0.963311,1.65605,2.681,0.629341,0.260552,0.110141
4.02698,7.12881,11.1536,1.03161,1.52131,2.44277,0.636451,0.282766,0.0808328
4.04509,7.71522,11.3806,1.0653,1.58741,3.11613,0.658386,0.274139,0.0675389
4.02634,7.31237,9.96461,1.02547,1.76527,2.67676,0.631795,0.236153,0.132095
4.04055,7.50782,10.8211,1.03271,1.62963,2.61625,0.649859,0.252843,0.0974066
3.82263,5.76988,9.38052,0.931171,1.75588,2.16733,0.525976,0.293831,0.18026
3.98623,7.24079,11.2176,1.00808,1.62093,2.51158,0.642515,0.26039,0.0971658
4.0847,7.48776,10.7277,1.04363,1.65689,2.95175,0.662767,0.259623,0.0776288
4.08375,7.0724,10.498,0.974714,1.75223,2.70101,0.634855,0.258685,0.106428
3.9585,6.00601,9.76624,0.946937,1.78659,2.30623,0.549824,0.285826,0.164502
4.08041,7.7902,11.1958,1.05159,1.54868,3.26635,0.6708,0.256568,0.0725904
4.02231,6.7898,10.6065,1.06445,1.70127,2.45453,0.608119,0.280657,0.1112
3.84529,6.53277,9.84833,0.971705,1.76488,2.36851,0.578916,0.267595,0.153511
3.93988,6.63627,11.026,1.08919,1.75575,2.66562,0.581343,0.305151,0.113543
4.03497,7.06645,10.3514,1.05013,1.73024,2.79768,0.599217,0.277754,0.123112
3.93464,6.85265,10.5973,1.01423,1.62861,2.43968,0.610001,0.271128,0.118893
4.09879,7.66623,11.1786,1.1034,1.59369,3.05947,0.669674,0.261904,0.0684221
4.0088,6.44366,9.86065,0.983183,1.84399,2.28925,0.58026,0.254505,0.1653
3.97912,7.30907,10.8115,1.04893,1.59268,2.61267,0.640508,0.272524,0.0869868
3.98091,6.66529,10.3131,1.04812,1.87162,2.69286,0.57023,0.287252,0.142528
4.06669,6.38921,9.96387,0.95459,1.82655,2.78605,0.564934,0.30748,0.12754
3.95259,6.92496,10.2097,0.991401,1.64104,2.40658,0.601865,0.277434,0.120604
4.09091,7.25885,10.8773,1.05735,1.6049,2.36414,0.658223,0.255094,0.0867538
4.1307,7.65942,12.5926,1.06205,1.40374,2.23534,0.702777,0.242606,0.0547065
3.98794,7.16609,10.5644,1.06186,1.84635,2.81519,0.610092,0.26448,0.125484
4.02232,7.22758,10.6757,1.04193,1.56018,2.83414,0.639295,0.276221,0.0845818
4.03153,7.6224,13.3445,1.08621,1.69856,2.85517,0.669877,0.283329,0.046915
4.0694,7.53772,11.142,1.03512,1.48258,2.48901,0.667799,0.248905,0.0833195
4.03966,7.39777,10.8939,0.989272,1.74972,2.61009,0.632998,0.25598,0.110986
4.06387,7.07592,11.0155,1.04849,1.59986,2.34282,0.641023,0.273853,0.0852154
4.00763,7.57591,11.3204,1.01969,1.51801,2.6923,0.674521,0.242967,0.0826549
4.07244,7.47085,11.0707,0.993024,1.4529,2.53306,0.679569,0.23152,0.0889873
4.02224,6.94995,10.4859,0.980235,1.53163,2.16257,0.62219,0.26346,0.114344
4.04314,6.80801,10.362,0.984472,1.61433,2.16008,0.617821,0.26461,0.117632
4.09306,7.70529,11.6906,1.05168,1.54461,2.37118,0.670999,0.251481,0.0776149
4.05005,7.54585,10.8569,1.06146,1.52075,2.69062,0.653525,0.261105,0.0854968
3.92384,5.3659,9.22183,0.941067,1.58251,1.94629,0.480921,0.323754,0.19542
3.96418,6.84468,10.3289,1.02395,1.7714,2.55616,0.610884,0.261362,0.127766
4.03046,6.74789,10.3484,1.0182,1.64522,2.46075,0.620306,0.261231,0.11849
4.05889,7.30518,11.0586,1.09035,1.51997,2.30687,0.65897,0.261646,0.079493
4.04276,7.28255,10.3964,0.996321,1.52749,2.14391,0.632264,0.250919,0.116904
4.01995,7.34591,10.632,1.01617,1.64601,2.54893,0.635742,0.257431,0.106854
3.95723,7.13809,10.5913,1.03014,1.62975,2.50065,0.631804,0.257571,0.110731
4.1519,7.33549,10.9029,1.03373,1.43896,2.16943,0.658792,0.257245,0.083967
4.03098,7.24261,10.5567,0.967999,1.52421,2.08248,0.657592,0.237905,0.104591
4.07761,7.22451,11.0854,1.05314,1.61788,2.73332,0.649975,0.264154,0.0859993
4.02095,7.05681,10.721,1.03611,1.59474,2.64769,0.626469,0.274316,0.0992923
4.14626,7.77254,11.9698,1.12928,1.63946,2.40306,0.680056,0.253211,0.0667862
4.05375,7.32693,10.8833,0.998767,1.55656,2.55858,0.642368,0.269405,0.0882828
4.00866,7.07093,10.7055,0.98642,1.48937,2.54407,0.637433,0.277529,0.0850806
4.01775,7.58505,11.647,1.01137,1.36878,2.16445,0.667966,0.26906,0.0629925
3.97786,7.00008,10.5875,1.09587,1.84455,2.59212,0.613453,0.268195,0.118343
3.99803,7.12836,10.4528,1.01992,1.75253,2.69635,0.627889,0.265865,0.106332
3.96848,7.44326,11.3492,1.05903,1.60646,2.51349,0.658217,0.255946,0.0857851
3.94394,6.94529,11.0603,1.01482,1.72327,2.66298,0.608509,0.286685,0.104871
4.07966,7.42047,11.5991,1.08268,1.53659,2.36448,0.663731,0.263357,0.0729936
4.08822,7.60677,10.9667,1.0566,1.70707,2.49713,0.654865,0.241648,0.103548
4.02817,7.24534,10.7191,0.976201,1.51118,2.12183,0.646309,0.249015,0.104771
4.05246,7.54659,11.606,0.999676,1.40499,1.95385,0.665366,0.256151,0.0785207
3.99617,7.10942,11.1326,1.03153,1.73661,2.64456,0.641185,0.266935,0.0918387
3.88786,6.27643,10.0113,0.997222,1.72323,2.46542,0.536879,0.30985,0.153319
3.97399,6.91499,10.333,0.933901,1.51624,2.3728,0.632159,0.251533,0.116348
3.99622,7.25362,11.2743,0.972866,1.49091,2.19094,0.638176,0.279531,0.082354
3.90302,6.9416,9.85926,1.0026,1.60199,2.62355,0.617774,0.255124,0.127181
3.97747,7.15442,11.0151,1.04647,1.46837,1.97312,0.656304,0.255317,0.0884831
4.16255,7.64881,10.8214,1.0725,1.63745,2.8177,0.671869,0.248427,0.0797867
4.01964,7.36078,10.6687,1.03774,1.77372,2.89272,0.64111,0.253482,0.105479
3.93974,6.95778,11.4377,1.00426,1.67596,2.32654,0.62759,0.272246,0.100176
4.00255,7.29995,10.5731,0.979105,1.5398,2.63579,0.642642,0.26588,0.0915176
3.9992,7.33864,10.7925,1.02309,1.69959,2.87767,0.639023,0.279064,0.0819405
3.9947,7.53435,12.2129,1.07912,1.66045,2.55927,0.651978,0.2841,0.0639768
4.07141,7.35049,11.0942,1.05475,1.53316,2.46053,0.658217,0.245837,0.096028
4.03777,7.8813,11.1464,1.02124,1.3605,2.55304,0.681312,0.244185,0.0745479
4.09684,6.50838,10.5919,1.03557,1.82653,2.60552,0.602567,0.280525,0.116952
3.96853,7.28633,10.431,1.02978,1.71821,2.77595,0.639467,0.252078,0.108479
4.04995,7.08433,10.7268,0.977254,1.52451,2.17916,0.632088,0.265741,0.10217
3.93513,7.04073,10.3967,0.990157,1.77108,2.8291,0.617137,0.253818,0.129149
4.1612,7.83723,11.9815,1.12987,1.69721,2.71275,0.684382,0.243843,0.0717707
3.99647,7.06257,9.94079,1.03693,1.8076,2.74769,0.619587,0.244215,0.136233
3.91759,6.72766,10.4707,1.08169,1.67985,2.18105,0.615403,0.261583,0.123023
4.07925,7.06525,10.6853,0.98136,1.60028,2.23044,0.660996,0.236407,0.102614
3.99189,6.90793,10.1601,1.03792,1.78031,2.52257,0.599171,0.266923,0.133995
3.98016,7.25961,10.2997,1.02585,1.42951,2.80775,0.62633,0.275541,0.0982084
3.98479,7.07236,10.2129,1.01936,1.71006,2.40189,0.621875,0.257071,0.121093
3.99487,7.18171,10.8124,0.976195,1.75693,2.90753,0.639205,0.255287,0.10559
4.02523,7.41414,10.8271,1.03352,1.57335,2.28621,0.648196,0.248976,0.102877
3.96118,6.59527,10.1312,0.99244,1.66182,2.38841,0.585497,0.289953,0.124632
4.01497,6.64669,10.8323,0.991334,1.56139,2.21305,0.623247,0.258102,0.11875
3.93226,6.66361,10.4373,1.00437,1.65081,2.38292,0.611128,0.277826,0.111068
4.04226,7.37964,10.8997,1.03138,1.69544,2.81863,0.640952,0.257895,0.101159
4.02452,7.4588,10.785,0.973613,1.61319,2.72948,0.660939,0.240495,0.0986457
4.09683,7.70843,11.0081,1.03561,1.45447,2.23823,0.682132,0.234109,0.0838255
4.10341,7.55751,11.529,1.03426,1.61125,2.60308,0.650328,0.268406,0.0813126
4.1452,7.56524,10.9907,1.04088,1.61449,2.59595,0.664538,0.237257,0.0982661
3.98431,7.09416,10.8575,1.01689,1.61365,2.44461,0.653182,0.251737,0.095197
4.04434,7.57208,11.6706,1.04837,1.62816,2.57438,0.681985,0.24875,0.0693108
4.14242,7.73076,11.952,1.06806,1.59673,2.86008,0.676239,0.261749,0.0620662
4.16449,7.61604,12.0567,1.062,1.42898,2.30463,0.678586,0.256081,0.0653078
4.03649,7.61262,11.0972,1.1052,1.58843,2.26928,0.656161,0.257797,0.0860686
4.06005,7.61716,10.6971,1.0605,1.69502,2.94574,0.659173,0.24358,0.0972949
4.05366,7.38433,10.5289,0.980683,1.56134,2.17604,0.657338,0.240003,0.10277
3.96193,6.67501,10.2103,0.96333,1.60208,2.12629,0.604006,0.272655,0.123427
4.05795,7.5537,10.5816,1.00312,1.55242,2.63117,0.669099,0.234606,0.0962855
3.99138,7.27093,10.5721,0.951778,1.53008,2.58584,0.633069,0.258911,0.10804
4.0376,7.03519,10.2277,1.02797,1.74749,2.85461,0.609283,0.269519,0.121278
4.01332,7.36603,10.529,1.02301,1.62212,2.60775,0.651028,0.240031,0.108981
4.05049,7.39355,10.4722,1.04574,1.70812,2.84843,0.652837,0.249666,0.0976078
3.92599,7.18784,11.1982,0.949958,1.51692,2.66124,0.635152,0.280358,0.0845217
3.98415,7.26225,10.6136,1.05642,1.6224,2.74782,0.6467,0.270348,0.082968
4.10802,7.81388,11.7837,1.06827,1.661,2.69699,0.685813,0.254102,0.0601637
3.96501,6.66187,10.1248,0.988125,1.75633,2.4928,0.569841,0.292913,0.137257
4.05849,7.69008,11.4027,1.06156,1.50296,2.30462,0.659674,0.264129,0.0762327
3.9854,7.18741,11.6356,0.965231,1.42355,2.19635,0.658183,0.270094,0.0717312
3.85205,6.53415,10.0287,0.96467,1.62544,2.35342,0.567293,0.296497,0.136311
4.05838,7.62446,10.6223,1.01188,1.41779,2.52105,0.649515,0.258412,0.0921892
4.1253,7.56293,11.3775,0.998891,1.37553,2.29324,0.673847,0.25347,0.0727021
4.08268,7.64051,10.6901,1.02905,1.51276,2.41345,0.661645,0.235616,0.102786
4.02516,7.41922,11.77,1.08174,1.46006,1.90869,0.658503,0.268191,0.0733691
4.01098,7.44842,11.409,1.08724,1.67336,3.12126,0.651204,0.275605,0.0732564
4.02726,7.2372,11.0828,1.01303,1.54055,2.15224,0.655153,0.249789,0.0951572
4.05048,7.25331,10.5983,1.03183,1.54023,2.05354,0.654539,0.239089,0.106383
4.0014,7.5617,11.0251,1.03222,1.59265,2.80711,0.647735,0.255851,0.0965103
4.07447,7.11748,11.4307,1.07415,1.87244,2.81579,0.638653,0.266724,0.0947274
4.09747,7.19349,10.7053,1.0867,1.56128,2.55134,0.632765,0.268702,0.0985704
4.04593,6.9157,10.6082,1.01518,1.91349,2.76263,0.631955,0.252112,0.115998
3.91054,6.50649,10.7291,1.01412,1.64058,2.51619,0.578699,0.304746,0.116714
3.96669,7.21034,10.7827,1.02737,1.55307,2.31355,0.629122,0.266873,0.104056
4.01518,7.6291,11.9554,1.02119,1.44569,2.11027,0.669198,0.267007,0.0638454
4.03624,7.32133,10.9424,0.969095,1.53858,2.264,0.674227,0.233659,0.0921333
3.92546,6.69424,10.5168,1.01982,1.61092,2.20361,0.605306,0.264113,0.130673
4.01682,6.96212,9.76282,0.983063,1.70572,2.39031,0.599151,0.255697,0.145257
4.12395,7.43079,11.1761,0.985159,1.5524,2.65495,0.662423,0.255102,0.0824828
3.9837,7.07678,10.1862,0.985227,1.71319,2.39291,0.61105,0.250928,0.137972
4.04459,7.23117,10.6425,1.02177,1.56425,2.48205,0.629428,0.281348,0.089205
4.02527,7.00488,10.5025,1.05902,1.73051,2.66477,0.609848,0.277764,0.11248
3.9771,6.99946,10.1572,1.00326,1.81292,2.66336,0.622187,0.256873,0.120988
3.9729,6.42001,9.90292,1.02609,1.77561,2.29587,0.569143,0.272643,0.158325
3.95783,6.88875,10.1689,1.00333,1.66972,2.44268,0.626071,0.266501,0.107496
3.98972,7.32987,10.12,1.02565,1.54513,2.44354,0.642762,0.237869,0.119445
4.09752,7.32437,10.8333,1.03666,1.63127,2.64685,0.65484,0.252613,0.0926588
4.0007,7.30568,10.9575,1.00119,1.50993,2.04396,0.646632,0.257345,0.0961306
4.0213,7.57035,11.7296,1.06854,1.56071,2.49407,0.659004,0.269684,0.0714075
3.99365,6.85313,9.74895,0.984975,1.67618,2.42159,0.622641,0.259982,0.117463
4.10873,7.20438,11.2122,1.02827,1.58468,2.29128,0.652548,0.259553,0.0879972
4.01671,7.20214,10.4891,1.02118,1.73023,2.66728,0.636463,0.244734,0.118888
4.03079,6.92143,10.2388,1.0428,1.82699,2.4415,0.615785,0.244192,0.140111
4.089,7.48404,11.4989,1.00336,1.42851,2.4126,0.673738,0.25453,0.0716641
3.96456,6.68404,10.1338,0.961407,1.70401,2.60228,0.576025,0.293411,0.130659
4.05652,7.50043,11.1185,1.07523,1.53805,2.50474,0.648734,0.268289,0.0830851
4.05279,7.45376,10.7282,1.03456,1.57226,2.66361,0.66573,0.245602,0.0887124
4.13645,7.88105,11.3429,1.03447,1.59662,2.63026,0.675293,0.232595,0.0921978
3.92045,6.97412,9.81532,0.998303,1.67466,2.73853,0.591185,0.267941,0.140889
4.07067,6.89511,10.2256,0.996773,1.82747,2.74093,0.603408,0.256119,0.140541
3.96109,7.06973,10.6089,1.01349,1.7038,2.54139,0.613666,0.273151,0.113203
3.99482,7.40523,10.7657,1.0307,1.61332,2.64666,0.652588,0.257744,0.0897577
4.00913,7.45084,11.1637,1.05185,1.68731,3.04019,0.661797,0.254437,0.0838373
4.06626,6.9092,10.9823,1.03355,1.53167,2.24948,0.63514,0.277589,0.087276
4.06572,7.59525,11.1502,1.1048,1.78849,2.48105,0.649853,0.239047,0.111124
4.12363,7.58326,12.1733,1.07471,1.57511,1.87527,0.685398,0.247985,0.0667514
4.10588,7.51387,11.1822,1.09733,1.84905,2.71066,0.650097,0.261213,0.0887938
3.85702,5.86585,9.67799,1.0012,1.80295,2.52573,0.522846,0.318891,0.158349
3.93412,6.48343,10.0276,1.01487,1.77786,2.60277,0.580614,0.277378,0.142011
4.08156,7.57029,10.9519,0.975473,1.39508,2.45476,0.665324,0.257397,0.0772546
3.95341,7.2876,10.4635,1.08526,1.6189,2.23032,0.640962,0.250077,0.109006
4.05541,7.20191,10.6682,1.09202,1.76826,2.48931,0.623069,0.260232,0.116703
4.11664,7.30703,10.8416,1.04027,1.58942,2.33567,0.656675,0.252201,0.0912104
4.08745,7.31926,10.8518,1.10657,1.76826,2.78225,0.650716,0.246744,0.102604
3.99017,7.29066,11.0713,1.00505,1.55633,2.27231,0.629965,0.274888,0.0951783
4.04549,7.11217,11.2592,1.05895,1.61375,2.31508,0.641228,0.270383,0.0885357
4.00371,7.21919,11.0059,0.980879,1.54675,2.53253,0.653358,0.255762,0.0910803
4.0363,6.79795,10.8431,1.06131,1.81451,2.63192,0.601397,0.284252,0.114378
3.93168,7.25401,10.7785,1.04937,1.4443,2.44591,0.637901,0.275378,0.0868295
4.00658,7.01033,10.9544,0.963526,1.54811,2.2194,0.624937,0.284222,0.0909034
4.10412,7.86844,11.0824,1.06139,1.52371,2.32853,0.681887,0.235415,0.0827371
4.04042,7.37472,11.5575,1.01002,1.65569,2.85377,0.672316,0.253459,0.0742888
4.11285,7.43589,11.3162,1.0156,1.73949,2.56226,0.653178,0.253778,0.0931027
4.02917,7.56511,11.2825,0.979138,1.46737,2.73568,0.674115,0.24442,0.0815584
4.10751,7.26835,11.3654,1.06143,1.61136,2.11647,0.67621,0.235438,0.0883805
3.96052,6.47816,9.96418,0.936608,1.71266,2.32056,0.575861,0.287731,0.136461
4.0034,6.72712,10.1382,0.969278,1.739,2.43925,0.609645,0.267235,0.12322
4.03908,7.32367,11.5044,1.00286,1.4122,1.80771,0.67548,0.248665,0.0759138
4.07096,7.52935,11.1432,1.03213,1.68015,3.03,0.652595,0.264653,0.0828525
4.02692,7.0689,11.1017,1.05577,1.70803,2.24833,0.648875,0.24508,0.106079
3.8446,6.33646,9.61534,1.02368,1.72712,2.50196,0.560894,0.2853,0.153895
4.02258,7.10143,9.94803,0.913662,1.49216,2.23038,0.623261,0.262368,0.114437
4.12971,7.53022,10.683,1.07302,1.59529,2.59573,0.64695,0.253309,0.09976
3.96085,7.23705,10.5162,0.958702,1.47121,2.41254,0.638308,0.246339,0.115503
4.05011,7.46958,10.8783,1.05011,1.6557,2.89241,0.652482,0.263483,0.0840762
4.00198,7.20447,10.7581,0.997098,1.63306,2.58526,0.628912,0.268468,0.102574
3.90498,6.2166,10.0445,0.945772,1.5159,2.1541,0.562062,0.296137,0.141787
3.9936,7.33486,10.4577,1.07601,1.65057,2.51118,0.642943,0.252968,0.104108
4.06912,7.25103,11.1506,1.06399,1.64912,2.46424,0.649559,0.256795,0.0937756
3.98554,6.69573,10.5509,1.00461,1.65963,2.24004,0.619673,0.269754,0.110593
4.02065,7.13307,10.6232,1.01593,1.68461,2.41589,0.630621,0.2545,0.114979
3.98174,7.21464,10.9095,1.02596,1.68471,2.80215,0.633183,0.26822,0.0986698
4.09057,7.51799,11.4453,1.08255,1.64596,2.5649,0.670772,0.234119,0.0951343
4.00708,7.17774,10.6382,1.01764,1.66563,2.52555,0.643199,0.256984,0.0998731
4.10541,7.34451,10.2708,1.02299,1.75592,2.37643,0.62668,0.246244,0.127117
4.00581,7.27548,11.5044,1.06024,1.55681,2.35542,0.647442,0.273642,0.0790176
4.07672,7.0209,10.6954,1.03785,1.66248,2.1565,0.655143,0.232553,0.112313
4.13483,7.51533,11.1809,0.985591,1.42782,2.0537,0.676226,0.236936,0.0868999
3.99001,6.91007,10.8911,1.04149,1.73563,2.50671,0.629492,0.26836,0.102203
4.07849,7.47607,11.4498,1.02209,1.52369,2.47173,0.663378,0.262192,0.0745263
4.06042,7.34976,10.7543,1.02494,1.5537,2.25117,0.651306,0.240878,0.107908
4.01497,7.14716,11.298,1.0506,1.60044,2.70013,0.634944,0.278926,0.0861631
3.97152,6.80156,10.6226,1.03348,1.81896,2.53091,0.626844,0.250284,0.122871
4.06157,7.51887,10.8106,1.04674,1.54476,2.45309,0.663838,0.238238,0.0979276
4.11491,7.93579,11.0289,1.02629,1.59022,2.63341,0.686523,0.230098,0.0834264
4.03441,7.02769,10.5329,1.06397,1.70698,2.69457,0.618645,0.271716,0.109674
3.99569,7.11498,10.4875,1.01202,1.70768,2.55298,0.638679,0.250583,0.110777
3.99866,7.55933,11.5447,1.02573,1.59086,2.55262,0.654763,0.257678,0.0876877
4.0053,7.04986,10.1566,1.02409,1.62749,2.7121,0.620185,0.269693,0.110196
4.08263,7.32845,10.8137,1.07975,1.59915,2.53803,0.654124,0.257113,0.0888539
3.95794,7.29429,11.7836,1.02073,1.58808,2.44905,0.650311,0.271974,0.0777596
4.05344,7.25793,11.2019,1.05321,1.62449,2.67134,0.662937,0.259898,0.0770852
4.09063,7.40849,11.117,1.03933,1.56303,2.34419,0.658082,0.251259,0.0907381
4.01877,7.49462,10.7735,1.02722,1.64797,2.17549,0.646397,0.243823,0.109776
3.92714,6.64913,10.4369,1.03893,1.79749,2.71989,0.599176,0.299465,0.101428
4.00651,6.41149,10.2215,1.0467,1.76264,2.50267,0.576138,0.290759,0.133166
4.00563,7.17805,10.757,1.05722,1.57378,2.43392,0.634367,0.260394,0.105241
4.04293,7.56989,10.8561,1.08463,1.58296,2.68819,0.659344,0.259164,0.0815392
4.07618,7.314,10.7204,0.980451,1.65305,2.35048,0.671245,0.237045,0.0917408
4.10205,7.57625,11.5121,1.11438,1.63662,2.41301,0.662664,0.250893,0.0864624
4.01392,6.9924,10.2838,0.957836,1.47367,2.38923,0.641508,0.251032,0.107511
4.07007,7.07057,11.0076,1.04631,1.53774,2.05128,0.647178,0.259451,0.0934154
4.11748,7.37901,11.5491,1.01069,1.60935,2.60833,0.650361,0.273434,0.0762851
4.02439,7.38189,11.0503,1.00868,1.5688,2.95342,0.644805,0.276366,0.0788595
4.0359,7.27492,10.5,1.05266,1.57983,2.41355,0.652189,0.243978,0.103848
4.00578,7.02917,10.909,1.02127,1.49363,2.06218,0.65162,0.252153,0.0962824
4.05533,6.11563,10.0789,0.959939,1.75576,2.15752,0.566015,0.27313,0.160863
4.10211,7.34987,10.6032,1.05425,1.67787,2.45316,0.667963,0.235163,0.0968495
4.08654,7.35877,10.7035,1.03008,1.58429,2.41101,0.649383,0.247978,0.102623
3.95953,6.40844,10.0527,1.02016,1.64902,2.12385,0.574612,0.300591,0.124866
3.98304,7.35396,10.9538,1.01221,1.6757,2.68475,0.646402,0.249975,0.103707
4.10064,7.73578,10.8873,1.01736,1.67945,2.66001,0.678618,0.232416,0.0889908
4.13578,7.59576,11.1366,1.08935,1.70798,2.71326,0.674948,0.244465,0.0806852
4.042,7.47772,10.7094,1.05603,1.59688,2.4993,0.669163,0.243726,0.087102
4.02655,7.27788,10.8366,1.08737,1.8138,2.43748,0.647179,0.246548,0.106384
4.01901,7.01867,11.1477,1.01736,1.73555,2.37459,0.633662,0.264811,0.10148
4.03841,7.68911,10.8201,1.05791,1.70726,2.74334,0.66993,0.238805,0.0912657
3.99795,7.65336,10.7954,0.995927,1.37757,1.77752,0.672033,0.235675,0.0922754
3.97559,5.5448,9.05821,0.96204,1.70572,1.97216,0.496082,0.296337,0.207613
4.05301,7.26952,10.9364,1.04422,1.74299,2.69827,0.649688,0.258825,0.0915512
3.95903,6.49681,9.75242,0.972999,1.79844,2.5163,0.558556,0.277154,0.164385
4.05157,7.24645,10.6452,0.967545,1.62808,2.30939,0.640957,0.253183,0.105929
4.06767,7.30377,10.6316,1.01371,1.66523,2.54636,0.639197,0.248029,0.112858
3.92386,6.49067,10.5562,1.04574,1.76658,2.39574,0.568251,0.321835,0.109966
3.98761,7.05743,10.1879,0.947521,1.59557,2.43649,0.611082,0.269244,0.119816
4.16454,7.83567,11.5213,1.05979,1.44487,2.35665,0.695658,0.240864,0.0635288
4.08888,7.23885,11.3552,1.03551,1.57981,2.35013,0.672342,0.253153,0.0745273
3.99817,6.70901,9.96698,0.960891,1.6876,2.61771,0.583324,0.277459,0.13929
4.05207,7.38048,11.2441,1.01959,1.60043,2.52503,0.671936,0.250251,0.0778544
4.00693,7.57098,10.8343,1.01255,1.59404,2.48197,0.658449,0.24387,0.097752
4.10025,7.83459,11.1524,0.975834,1.50763,2.64303,0.679215,0.248783,0.0719368
3.951,7.06358,10.7749,1.0349,1.62991,2.55164,0.63425,0.256485,0.109301
3.99569,6.25517,9.87442,1.00367,1.62867,2.01703,0.584301,0.276811,0.138921
4.07113,7.34628,11.3308,1.09957,1.76852,2.47571,0.654327,0.255473,0.0902466
4.01996,7.29181,10.8942,1.07177,1.58797,2.60013,0.655142,0.242765,0.102213
3.98317,6.85569,10.5979,0.937389,1.52009,2.23767,0.638402,0.255397,0.106383
3.94547,6.46935,9.91671,1.00013,1.81247,2.59586,0.553035,0.300203,0.146776
3.98419,7.18115,10.5257,1.00796,1.6288,2.36738,0.62698,0.271253,0.101875
3.99742,7.22644,11.2874,0.980179,1.53857,2.25049,0.649573,0.268213,0.0822747
4.05082,7.6031,11.061,1.0123,1.58316,2.78253,0.659005,0.261854,0.0791676
3.96994,6.86167,10.1928,1.05468,1.66249,2.4163,0.592044,0.290003,0.117958
3.98638,6.80804,10.1346,0.972953,1.60254,2.19015,0.598689,0.279021,0.122229
4.06617,7.49141,11.1258,1.10956,1.8531,2.92528,0.672601,0.23641,0.0909634
4.14111,7.4449,11.6492,1.01784,1.60148,2.05598,0.668404,0.251025,0.0806357
4.03247,7.39028,10.7425,1.02032,1.55094,2.43145,0.667335,0.231745,0.101013
4.09635,8.03836,12.0152,1.06197,1.56115,2.60467,0.697087,0.238677,0.0642893
4.06955,7.57572,11.8256,1.03216,1.56527,2.63089,0.67565,0.260154,0.0642261
3.92119,6.75239,10.3268,0.984656,1.62031,2.34975,0.610451,0.271854,0.117725
3.98086,6.09381,9.81826,0.999353,1.7837,2.07005,0.557853,0.29294,0.149208
4.1697,7.53132,11.4321,1.06675,1.73391,2.98066,0.668749,0.247906,0.0834655
4.05737,6.44318,10.2626,0.988015,1.84002,2.32477,0.588598,0.26767,0.143842
4.05374,7.30082,10.3733,0.994359,1.4839,2.35384,0.641911,0.252373,0.105726
4.03332,7.51594,10.4708,1.04997,1.60885,2.9388,0.648872,0.254564,0.0965777
3.99239,6.4342,9.89997,0.988269,1.65814,2.16016,0.580491,0.268627,0.150865
3.96017,5.96107,9.81829,0.975965,1.77949,2.56539,0.527523,0.325175,0.147331
4.1455,7.39712,10.9357,1.00894,1.71907,2.57244,0.671971,0.236926,0.0912004
4.04287,7.20358,11.0503,1.01236,1.53154,2.10926,0.641792,0.260097,0.0981193
4.00923,7.37768,10.3476,0.976613,1.52523,2.59588,0.644056,0.250723,0.105347
4.0872,7.52125,11.0651,1.05558,1.60762,2.61015,0.666535,0.247521,0.0860421
3.91478,6.83488,10.1629,1.05856,1.70852,2.88048,0.578238,0.299881,0.121964
4.1134,7.42697,10.4987,0.975292,1.51706,2.72467,0.655294,0.252313,0.0925324
4.13647,7.86939,11.7632,1.04441,1.3273,1.98921,0.690523,0.251019,0.0584851
4.02266,7.13694,11.0783,0.990911,1.51949,2.31497,0.642553,0.266642,0.0907588
3.9783,7.15317,10.8522,0.976747,1.59832,2.45619,0.63635,0.264515,0.0990905
4.13353,7.5585,11.4514,1.00747,1.44949,2.14956,0.669405,0.247361,0.0833322
4.05943,6.97408,10.8272,1.02218,1.54264,2.14509,0.642063,0.269331,0.0886656
3.96247,6.15331,10.4336,1.0188,1.89982,2.59026,0.553182,0.305662,0.141237
3.98345,7.07522,10.4789,1.05559,1.68107,2.54852,0.647808,0.248958,0.103218
3.95395,7.02469,10.6817,0.998165,1.52287,2.10237,0.640302,0.260215,0.0995012
4.04054,7.40036,10.6282,1.04724,1.56347,2.37043,0.643993,0.256786,0.0992429
3.98716,5.9788,9.62199,0.940489,1.76087,2.29775,0.53083,0.303963,0.165195
4.06011,7.53413,10.6522,1.08054,1.59138,2.44171,0.664296,0.246685,0.0892258
4.02111,7.31115,10.681,1.02057,1.56149,2.69684,0.663803,0.251767,0.0844911
4.07262,7.34232,11.4374,0.983687,1.54611,2.34266,0.652094,0.268367,0.0796295
4.08125,6.63557,10.7052,1.06433,1.85855,2.55724,0.607093,0.285056,0.10785
4.11033,7.83005,11.8503,1.02758,1.51694,2.57847,0.692545,0.238778,0.0687883
4.04307,7.5673,10.6408,1.04771,1.66528,2.50185,0.662534,0.235538,0.102021
4.13713,7.38752,11.6346,1.06726,1.50396,2.17837,0.676558,0.248845,0.0746917
4.05391,7.25365,10.4618,0.953531,1.54505,2.70249,0.637835,0.247795,0.114346
4.06765,7.33937,10.8617,1.06097,1.73027,2.85874,0.64289,0.260601,0.0965697
3.98319,7.29936,11.0837,1.02774,1.57753,2.20917,0.66352,0.250078,0.0863731
3.99486,6.96244,10.7897,1.03874,1.61938,2.11182,0.651826,0.241412,0.106772
4.02365,6.79263,9.87818,0.987797,1.76018,2.37527,0.5965,0.249657,0.154029
3.97534,7.58738,11.0254,1.04525,1.53235,2.56205,0.640502,0.252562,0.106974
4.04498,7.52121,11.123,1.06004,1.61537,2.61111,0.658842,0.250418,0.0907513
4.07808,6.82314,10.622,0.983241,1.84921,3.19587,0.590538,0.290784,0.118755
4.08032,7.21412,10.1628,1.09524,1.51116,2.31489,0.650725,0.243977,0.105328
4.00261,7.30206,10.8264,0.985232,1.7222,2.82198,0.648271,0.250034,0.101781
3.96049,6.46608,10.1317,0.993662,1.80462,2.43075,0.574367,0.291582,0.134165
4.00696,7.23934,10.3722,0.947358,1.47614,2.30708,0.63154,0.263286,0.105253
4.09849,7.6493,11.2988,1.02506,1.61395,2.72558,0.662836,0.251899,0.0853078
4.05265,7.70052,11.3179,1.02146,1.5028,2.72233,0.668463,0.250301,0.0813127
3.95691,6.98155,9.94593,0.950689,1.61192,2.54227,0.604293,0.249754,0.145994
4.09813,7.4152,11.4776,1.01831,1.61396,2.38104,0.664283,0.257809,0.0780128
4.06946,6.68659,10.7382,0.99167,1.80089,2.51915,0.613323,0.277341,0.109472
3.9569,6.61949,10.1355,0.96894,1.71127,2.21671,0.604019,0.255176,0.140757
3.99935,6.4612,10.1382,1.03053,1.74448,2.28226,0.587379,0.259455,0.153285
4.00102,7.31167,10.9249,0.996058,1.52426,2.68521,0.630323,0.289106,0.0807406
4.03915,7.55582,10.7713,1.0376,1.47446,2.60105,0.658616,0.246673,0.0946625
4.13927,7.3378,10.9145,1.05356,1.64767,2.8084,0.652653,0.25205,0.0953865
4.05361,7.28136,11.6107,1.08849,1.74566,2.87965,0.66326,0.265695,0.0710964
3.96755,7.20319,10.7522,0.971139,1.41352,2.29778,0.656988,0.252072,0.0909712
4.13306,7.43113,10.4182,1.03292,1.61035,3.09188,0.652246,0.255561,0.0922562
3.93766,6.67055,9.83581,0.920563,1.79415,2.48959,0.588528,0.260556,0.150927
4.02498,6.94098,10.5188,1.02171,1.56534,2.38969,0.635113,0.262566,0.1024
4.0419,7.7674,12.3029,1.0626,1.4926,2.81603,0.684562,0.256311,0.0592129
4.00411,7.58054,10.6017,1.0451,1.50773,2.65708,0.653942,0.245504,0.100578
4.00667,7.2488,10.4694,0.954264,1.61194,2.7019,0.639452,0.258082,0.102411
4.06623,7.25476,10.1946,1.00206,1.50709,2.09833,0.655145,0.232096,0.112846
4.05114,7.15051,10.8937,1.05615,1.77494,2.69923,0.620491,0.267637,0.111798
4.08614,7.49299,11.0441,1.03955,1.59293,2.69567,0.660676,0.253946,0.0854774
3.94527,6.52365,10.1191,1.03593,1.66375,2.42255,0.581182,0.296534,0.122297
4.01523,7.28628,11.7892,1.00758,1.55297,2.23557,0.661823,0.266703,0.0714676
3.93817,7.27771,10.8805,1.02328,1.67873,2.90161,0.63087,0.27165,0.0974603
4.08382,7.71391,12.3131,1.02257,1.26621,1.59123,0.683721,0.265062,0.0513034
4.11936,7.25558,11.3012,0.966526,1.3802,2.07206,0.663202,0.257573,0.0792499
4.09151,7.75248,11.7425,1.0969,1.43394,2.0678,0.672985,0.249256,0.0777599
3.93827,6.71749,10.1088,1.03733,1.69463,2.42327,0.601167,0.286854,0.112057
4.00655,6.5473,10.6308,1.04268,1.62851,2.29269,0.585739,0.29877,0.115556
4.02175,6.98929,10.4417,0.997845,1.8111,2.6456,0.603082,0.272662,0.124299
3.98402,6.30966,10.0408,1.01251,1.72743,2.45022,0.569295,0.291731,0.138974
4.05335,7.73941,10.4385,1.04521,1.57795,2.51727,0.665947,0.230923,0.103089
4.148,7.89381,11.2282,1.06592,1.4945,2.45552,0.685967,0.243491,0.0706309
4.0997,7.60205,11.0354,1.0687,1.56743,2.86634,0.658695,0.25831,0.0830353
3.9541,6.031,9.58733,0.990984,1.74671,2.16772,0.541657,0.282455,0.175959
3.9178,6.84232,11.3705,1.04079,1.53586,2.21252,0.614595,0.300428,0.0850146
3.98441,6.76754,10.3464,1.02727,1.80443,2.57787,0.594265,0.282617,0.1232
3.96434,6.9386,10.3248,0.981725,1.58065,2.50404,0.645082,0.247485,0.107535
3.77815,6.28585,9.46245,0.920061,1.65478,2.39276,0.551288,0.273979,0.174656
4.08911,7.60937,10.8232,1.05949,1.69254,2.76176,0.667225,0.244385,0.0884348
4.03481,7.22362,10.5995,1.07423,1.50219,2.19759,0.644568,0.260638,0.0949052
3.96869,7.19257,10.5892,1.02433,1.71386,2.62348,0.646802,0.241498,0.111787
4.0828,6.89379,10.6559,1.06853,1.76423,2.32874,0.635923,0.266504,0.0976776
3.97588,6.68769,10.6504,1.01282,1.82787,2.74239,0.60152,0.286345,0.112185
4.05627,6.77169,10.0305,1.02973,1.76063,2.94853,0.568155,0.307674,0.124213
4.01266,7.5383,10.3431,1.03588,1.60814,2.91646,0.652846,0.238527,0.108672
4.03276,7.25631,11.0355,1.03602,1.54179,2.04771,0.645986,0.257851,0.0961001
4.03907,7.28756,11.8953,0.994732,1.50263,2.19728,0.674608,0.246961,0.0785411
4.03942,7.32605,10.216,1.02226,1.57135,2.38461,0.628785,0.257725,0.113524
3.96207,7.33003,10.4342,1.00591,1.75731,2.59951,0.657971,0.221404,0.120638
4.05511,6.42459,9.83875,0.979187,1.91124,2.83896,0.549311,0.298369,0.152417
3.96855,6.32122,9.78835,0.975301,1.7557,2.36433,0.554205,0.291727,0.154149
4.08931,7.987,11.4915,1.02022,1.48739,2.5526,0.685921,0.243729,0.0703261
4.14285,7.27435,10.6735,1.03253,1.7659,2.84047,0.639996,0.250006,0.11003
3.97447,7.33861,10.8674,1.02139,1.51789,2.52699,0.669565,0.249186,0.0813238
3.94541,7.48296,11.2341,1.06085,1.49499,2.12306,0.665756,0.256545,0.0777875
3.9478,7.18953,10.191,0.987092,1.60925,2.42526,0.631264,0.24356,0.125307
3.91864,7.25838,10.6826,1.00629,1.77479,2.98636,0.65529,0.244152,0.100602
4.08077,7.23503,10.5774,1.01865,1.67544,2.50927,0.646876,0.250143,0.103052
4.0796,7.47946,10.5477,1.04071,1.58201,2.4613,0.642454,0.257382,0.100307
4.11456,7.46125,10.7684,1.05676,1.46174,2.23086,0.665541,0.237892,0.096578
4.13885,7.69053,11.2784,1.07601,1.71391,2.91141,0.693018,0.2296,0.0773962
3.93698,6.95863,11.3043,0.955955,1.5516,2.20044,0.635542,0.266853,0.0976889
4.10442,7.49721,11.6217,1.07828,1.68386,2.51408,0.672658,0.24949,0.0777813
3.98853,6.97993,10.7659,1.02678,1.59749,2.63245,0.601671,0.292442,0.105926
3.90735,7.02033,10.5375,1.04407,1.65132,2.48686,0.604634,0.290061,0.105385
3.96498,6.69687,10.3519,1.01586,1.69518,2.67264,0.597722,0.286099,0.116302
4.10416,7.28283,10.9352,0.987603,1.5529,2.32097,0.660989,0.243169,0.0959179
3.99247,6.83783,10.2851,1.00866,1.77615,2.27282,0.620885,0.257165,0.122037
4.09464,7.322,11.1288,0.98031,1.51955,2.28789,0.663115,0.259722,0.0772194
4.01096,6.82997,10.1143,1.0124,1.64099,2.25567,0.593481,0.270552,0.135892
4.0066,7.36921,10.7644,0.983484,1.63188,2.56368,0.64362,0.262769,0.0936442
4.00526,7.00587,10.8338,1.04673,1.59835,2.34457,0.632599,0.277532,0.0899094
4.08228,7.79105,11.3216,1.00999,1.55619,2.8215,0.686785,0.242982,0.070305
4.14311,8.0381,11.4095,1.02241,1.51413,2.34391,0.690964,0.229298,0.0798314
3.98217,7.50849,10.9293,1.03048,1.70022,3.01806,0.642854,0.250962,0.106335
4.05089,7.17103,11.3255,1.06935,1.83102,2.91113,0.636876,0.276206,0.0868198
4.09074,7.57212,12.0314,1.0807,1.60813,2.64491,0.684557,0.256274,0.0592507
4.07086,6.77884,10.1892,0.973745,1.64153,2.53662,0.621129,0.262348,0.116568
3.99417,7.61787,11.4316,1.03683,1.58787,2.55563,0.662397,0.265992,0.0715866
3.92389,6.97544,10.274,0.978336,1.52803,2.7022,0.617429,0.264283,0.118317
4.03706,7.21808,10.3957,1.00785,1.62192,2.54102,0.644644,0.240663,0.114782
3.95824,6.6155,10.8699,1.03516,1.6345,2.42077,0.588115,0.318515,0.0933935
4.06115,7.22168,11.0822,1.05699,1.67188,2.85489,0.630135,0.277841,0.0919673
4.01467,6.96248,10.6455,1.03172,1.61606,2.32092,0.62212,0.264273,0.113626
3.95946,7.17531,11.2821,1.06666,1.61377,2.69541,0.638405,0.277827,0.0838212
3.97779,7.24016,10.6225,1.04049,1.56248,2.39882,0.651705,0.241035,0.107333
3.99409,7.06935,10.0786,0.976322,1.64259,2.41516,0.610523,0.254984,0.134575
4.03664,7.43841,10.5335,1.04088,1.614,2.53936,0.651368,0.2445,0.104237
4.03085,7.49733,10.6132,1.0106,1.58831,2.70941,0.639776,0.250788,0.109448
4.00062,7.50651,11.2363,1.02468,1.62953,2.72392,0.661952,0.2441,0.0939749
3.97009,7.26504,10.3841,1.00878,1.66556,2.66945,0.633766,0.254235,0.111994
4.07412,7.51079,11.7798,0.972381,1.63303,2.36863,0.656307,0.265178,0.0786158
4.04295,7.37253,10.9688,1.01871,1.53506,2.27042,0.643525,0.264365,0.0920819
4.0778,7.94416,11.7924,0.998503,1.62729,2.12735,0.684168,0.246963,0.0689005
3.98334,6.91537,9.7456,1.00436,1.73507,2.49086,0.612253,0.250933,0.136863
4.07753,7.4257,10.9817,1.00648,1.54944,2.25978,0.675879,0.23445,0.0897832
4.01917,6.00018,9.54108,0.955167,1.86806,2.58587,0.537664,0.289459,0.172942
4.02734,7.80621,11.3574,1.08005,1.54263,2.46305,0.672401,0.251757,0.0758451
3.93769,6.49029,10.3886,1.02167,1.66741,2.76478,0.585644,0.301928,0.11246
4.0081,7.51828,10.8496,1.03473,1.62784,2.43702,0.662067,0.252558,0.0854117
4.00097,6.93745,9.98104,0.998019,1.56817,2.21055,0.604831,0.275165,0.120103
4.03704,7.26879,10.5596,1.04904,1.74777,2.62977,0.638873,0.251837,0.109308
4.01736,7.12974,11.241,1.05666,1.63133,2.31401,0.623835,0.294079,0.0821583
4.05655,6.84942,10.2397,1.00447,1.75472,2.35005,0.611179,0.253714,0.135089
4.10389,7.95489,11.8038,1.05788,1.21886,2.11763,0.704624,0.228596,0.0668466
3.98023,6.86118,10.0031,1.00554,1.65159,2.34048,0.610694,0.265232,0.124096
3.97866,7.21716,11.1267,1.06219,1.70801,2.79025,0.623541,0.283593,0.0929097
4.00178,7.36425,11.1359,1.00966,1.77745,2.76176,0.657044,0.2583,0.0847476
4.09219,7.27366,10.6676,0.980266,1.53511,2.75718,0.644803,0.276929,0.078307
3.94538,6.89903,10.274,0.992141,1.54918,2.08445,0.618225,0.25198,0.129856
4.13539,7.56205,10.4521,1.00673,1.39093,2.58596,0.650377,0.257261,0.0924417
3.97241,7.05906,10.4237,1.02205,1.64754,2.31281,0.650314,0.227936,0.121782
4.02231,7.16306,9.75894,0.961782,1.63037,2.54984,0.617143,0.255796,0.127129
4.03021,7.15608,10.6345,0.992818,1.69431,2.60143,0.632479,0.267118,0.100446
4.00839,6.72425,10.2668,1.00605,1.69034,2.3778,0.60786,0.262203,0.130061
4.00001,6.96824,10.3047,1.01179,1.6813,2.29655,0.60962,0.26214,0.128303
4.02902,7.39803,10.2621,1.02992,1.62263,3.00991,0.628431,0.273458,0.0981943
4.0204,7.16814,11.1593,1.06352,1.65913,2.23889,0.640121,0.260334,0.0995746
4.00201,7.03716,10.1,0.968014,1.65694,2.23059,0.622229,0.245034,0.132826
4.03701,7.163,10.7676,1.05198,1.73077,2.55629,0.634289,0.271799,0.0939398
3.88142,5.93026,9.40696,0.979991,1.80555,2.52424,0.499093,0.314531,0.186426
3.96761,7.36707,11.4045,1.09252,1.67181,2.4683,0.646241,0.257267,0.0965679
4.02647,6.98729,10.9059,1.01105,1.63344,2.21517,0.629306,0.262212,0.108478
4.05987,7.38889,10.8597,1.01732,1.77739,2.7365,0.645206,0.257915,0.0969155
4.03951,7.28545,10.7859,1.03413,1.47197,2.1233,0.630495,0.274862,0.0947412
4.04361,7.34943,10.6925,1.02903,1.55582,2.33957,0.656089,0.231707,0.112252
3.98408,7.28541,11.0617,0.989945,1.49052,2.52234,0.639924,0.265298,0.094704
4.06321,7.31597,11.653,1.03295,1.50869,2.24792,0.65378,0.269546,0.0767456
4.03435,7.3834,10.5279,0.948368,1.54188,2.61619,0.637815,0.256643,0.105597
4.00265,7.09537,10.7624,1.02318,1.67469,2.54451,0.624406,0.274544,0.101073
3.96571,7.41695,10.2989,0.995288,1.61094,2.91024,0.641233,0.250752,0.108013
3.97227,6.80712,10.5515,1.00419,1.59103,2.17107,0.625445,0.257973,0.116581
4.10625,7.45061,11.2769,1.0687,1.66681,2.43431,0.649494,0.273548,0.0770406
3.97493,7.25218,11.0072,0.995919,1.45746,2.07787,0.646252,0.244596,0.109265
4.04544,7.39195,10.8124,1.0361,1.66767,2.4308,0.647485,0.252419,0.10012
4.14241,7.39402,11.1035,1.04245,1.75723,2.81179,0.661141,0.246387,0.0924938
3.90437,6.7408,10.1942,0.952777,1.55737,2.33785,0.602621,0.26913,0.128249
4.00266,7.45427,10.8131,1.07119,1.42835,2.33504,0.656812,0.25579,0.087385
4.01378,6.77386,10.2779,1.00917,1.67807,2.47205,0.605148,0.277405,0.117518
3.99328,7.44953,11.5604,1.00986,1.54463,2.44181,0.666514,0.265135,0.0684542
4.04812,7.4114,10.8119,1.07512,1.61579,2.51707,0.660046,0.248732,0.0912383
3.97939,6.48722,10.0171,0.99749,1.5756,2.15298,0.578412,0.271024,0.15058
3.91604,6.62298,10.2178,0.939382,1.6019,2.31405,0.600158,0.278635,0.121329
4.0279,7.11635,10.5399,1.03348,1.72382,2.37121,0.638235,0.258151,0.103606
4.11927,7.59747,10.857,1.07719,1.4774,2.46835,0.651773,0.262912,0.0853088
3.8917,6.02185,9.83687,0.978996,1.78582,2.25058,0.531841,0.31535,0.152837
3.93821,6.54324,9.77564,0.988429,1.74451,2.6567,0.553344,0.280862,0.165886
3.99988,7.15862,10.1839,0.980036,1.64007,2.54252,0.641691,0.252985,0.105363
3.98519,7.13414,9.92878,0.98812,1.65816,2.507,0.627437,0.239717,0.132917
4.02314,6.83361,10.7927,1.01782,1.75238,2.45742,0.616505,0.274636,0.10888
4.0753,7.26402,10.263,1.03545,1.57362,2.47926,0.63087,0.265093,0.104108
4.04515,7.5659,10.9613,1.03463,1.65513,3.0474,0.631452,0.27883,0.0898154
4.04657,7.38552,10.8423,1.08747,1.75929,2.72618,0.652464,0.242534,0.105039
4.06362,7.52584,11.0513,1.03577,1.59668,2.84159,0.650312,0.262549,0.0871913
4.07451,7.30328,10.6558,0.950875,1.47825,2.39191,0.641562,0.260031,0.0984859
4.01102,7.36026,10.6682,1.04825,1.68708,2.66929,0.635715,0.266644,0.0976603
3.98914,7.15491,10.7884,1.03942,1.62513,2.49417,0.64002,0.267781,0.0922787
4.00305,6.82008,10.456,0.994976,1.77595,2.7352,0.598998,0.277804,0.123229
4.03094,7.23165,11.0994,1.02282,1.37852,2.17935,0.635032,0.283971,0.0810381
3.96237,6.57691,9.94773,1.04751,1.86711,2.47999,0.5758,0.275482,0.14881
4.06517,6.79548,10.7568,1.01978,1.72734,2.36088,0.600196,0.295415,0.104393
3.89293,5.76256,9.5702,0.980395,1.81812,2.47086,0.489773,0.333173,0.177182
3.98931,7.18209,10.7862,0.992923,1.53992,2.45391,0.649504,0.254353,0.0962362
4.07363,7.38342,11.8869,0.967402,1.48477,2.4001,0.659697,0.264121,0.076242
3.92206,6.71328,10.1531,1.02526,1.64915,2.38676,0.576178,0.289632,0.134315
4.03955,6.92103,10.6433,1.00496,1.7092,2.1848,0.6211,0.250668,0.128293
4.05217,7.42405,10.7037,1.0623,1.72779,2.49275,0.667809,0.238828,0.0934464
3.99918,6.80342,10.5216,1.06868,1.71027,2.36172,0.605846,0.266124,0.12804
4.06437,7.54279,11.4721,1.11589,1.56711,2.26422,0.662754,0.254524,0.0827746
4.09835,7.2513,11.207,1.13158,1.89492,2.80331,0.665914,0.257409,0.0766857
4.02542,7.25918,11.1951,1.03677,1.52337,2.26785,0.642511,0.264599,0.0929687
4.0299,7.17768,10.2847,0.984463,1.6523,2.42435,0.646025,0.24377,0.110158
4.04755,7.61453,11.1338,1.0046,1.54724,2.50042,0.679907,0.234933,0.085233
4.04246,7.27699,10.9964,1.00638,1.66242,2.51928,0.646242,0.254078,0.0997027
3.96359,6.73081,10.4991,1.0161,1.85016,3.0092,0.58822,0.29303,0.118647
3.93068,6.19706,9.84153,0.916623,1.84,2.48023,0.531586,0.299247,0.169199
4.12451,7.3624,10.8549,1.05111,1.71481,2.82989,0.637144,0.252829,0.110117
3.99817,7.05235,10.3171,1.02047,1.57089,2.17929,0.628786,0.247677,0.123604
4.03539,7.23792,10.5467,1.03073,1.60127,2.37088,0.644323,0.247475,0.108212
4.00127,7.15708,11.0154,1.04963,1.65879,2.46671,0.61186,0.283522,0.104745
4.0212,7.23831,10.4891,0.96278,1.457,2.46869,0.655321,0.261456,0.0832874
3.95211,7.19052,11.2696,0.899742,1.54888,2.50218,0.628518,0.280781,0.0907377
3.99098,7.35358,10.9836,0.989264,1.4762,2.47181,0.634019,0.273645,0.0923717
3.96335,7.08316,10.8019,1.0475,1.69055,2.95105,0.621843,0.276587,0.101683
3.90532,5.64902,9.26042,0.924849,1.71111,2.15934,0.472946,0.312285,0.214763
3.92735,6.87626,10.7896,1.08779,1.78845,2.74957,0.61138,0.279708,0.108954
4.0244,6.47267,10.1015,1.04412,1.72517,2.4461,0.572815,0.296913,0.130308
4.17775,8.04765,12.0134,1.05681,1.49117,2.43453,0.686202,0.250248,0.0635923
4.02829,7.00431,10.1933,1.03431,1.61757,2.67161,0.596318,0.285401,0.118281
4.04473,7.57014,10.829,0.98555,1.44662,2.36242,0.667,0.244367,0.0886492
3.97747,6.61035,10.2046,0.95678,1.60713,2.17508,0.60447,0.259939,0.135685
3.93079,6.81598,9.83048,1.00898,1.70868,2.53894,0.58483,0.272346,0.142849
4.1365,7.42683,11.1734,0.979091,1.47757,2.21762,0.665826,0.252497,0.0817441
4.00444,6.89904,10.2221,1.00832,1.76947,2.47367,0.622178,0.252544,0.125314
3.92682,6.29511,10.3676,1.01474,1.76335,2.55455,0.538584,0.327112,0.134341
4.00552,6.66433,10.18,1.0405,1.81609,2.42156,0.601478,0.260969,0.137651
4.12405,7.34854,10.4808,1.0566,1.76378,3.08879,0.640522,0.253816,0.105691
3.94327,7.28059,11.0412,0.965071,1.60843,2.40903,0.643809,0.261754,0.0945145
3.99687,7.62011,11.3218,1.03231,1.48149,2.34783,0.663625,0.262032,0.0743649
4.07746,7.24793,10.7077,1.02757,1.61956,2.60177,0.636176,0.262976,0.100898
3.98413,6.99659,10.598,1.0256,1.46533,1.92253,0.631439,0.258679,0.109869
4.09327,7.47796,11.3763,1.05057,1.45458,2.113,0.678142,0.242804,0.0791831
4.07901,7.12545,10.8136,0.999156,1.5349,2.12851,0.634452,0.264047,0.101572
3.90486,6.70433,10.0546,0.986388,1.72338,2.75413,0.585583,0.278208,0.136275
3.96484,6.46691,10.4381,1.02182,1.67284,2.05273,0.586549,0.286255,0.127207
4.11595,7.92786,11.1798,0.988942,1.56292,2.63449,0.689369,0.224782,0.0859261
3.96057,7.13131,10.2943,0.987502,1.65463,2.41866,0.62436,0.246869,0.128776
4.01486,7.47298,11.1185,1.05682,1.61168,2.65194,0.658353,0.254605,0.0871233
3.9037,6.54223,10.6654,0.947921,1.46388,2.15269,0.615635,0.27048,0.113964
4.08005,6.70906,10.1432,1.0125,1.87688,2.47727,0.6104,0.258291,0.131309
3.92477,6.91548,10.2022,1.02473,1.65572,2.62819,0.602593,0.276304,0.121231
3.98951,7.1524,10.1579,1.01642,1.79199,2.86627,0.617114,0.251619,0.131295
3.93476,6.43951,10.0121,0.98844,1.81008,2.34373,0.55947,0.28036,0.160098
4.00446,6.57405,10.0115,1.07665,1.71091,2.14287,0.579884,0.284454,0.135698
3.97617,6.84594,10.3031,1.02122,1.68034,2.53419,0.595304,0.284781,0.119959
4.03402,6.34265,9.81812,0.977193,1.77034,2.55483,0.572515,0.283665,0.143851
4.06313,7.19363,11.5132,1.06682,1.57503,2.43839,0.658727,0.267618,0.0736608
3.99445,7.06257,10.8861,0.997893,1.56756,2.48298,0.621724,0.278539,0.0997543
4.11953,7.95809,11.5598,1.00218,1.57572,3.07356,0.670701,0.270738,0.0585956
3.99178,6.79211,10.6508,0.986194,1.60794,2.23989,0.611784,0.279325,0.10906
3.98207,7.2822,10.7766,1.01068,1.7489,2.92514,0.636226,0.256696,0.1071
4.02643,7.42612,10.7141,1.02872,1.53487,2.1909,0.651933,0.245197,0.102985
4.01873,7.37671,10.8032,1.05381,1.70929,2.56096,0.65322,0.255934,0.0909313
4.08741,7.35464,10.9819,1.06991,1.63323,2.5771,0.639285,0.270679,0.0901543
4.08104,7.34157,11.3476,1.0218,1.66048,2.52162,0.653632,0.245823,0.100546
4.06838,7.41939,11.1261,1.01469,1.60725,2.5429,0.667846,0.253975,0.0781315
4.06432,7.42689,11.6973,0.980698,1.45827,2.31012,0.649354,0.279221,0.0714337
4.01151,7.30954,10.8814,1.04663,1.54266,2.5133,0.649933,0.272995,0.0770171
4.1523,7.60475,11.0179,1.02685,1.42809,2.43473,0.665789,0.25505,0.0791969
3.96457,7.46848,11.0382,1.05317,1.54662,2.87115,0.646109,0.260074,0.0938661
4.02561,7.24888,11.1909,1.0136,1.62853,2.45823,0.641928,0.267756,0.0904437
4.02875,7.25705,10.1628,0.969755,1.77701,2.8869,0.620331,0.246489,0.133279
3.92081,7.21029,10.1123,0.99813,1.73961,2.82346,0.611296,0.253126,0.135664
3.99431,6.53448,10.0234,0.9695,1.67939,2.07409,0.588835,0.265676,0.145569
4.13069,7.61077,11.2204,1.06646,1.58538,2.39707,0.67466,0.24381,0.0815952
4.058,6.84739,9.74861,0.91977,1.83158,2.79094,0.588278,0.249427,0.162375
4.04999,7.08593,10.2547,1.01561,1.6467,2.81507,0.626882,0.263902,0.109266
4.20051,8.25309,11.8963,1.12156,1.51218,2.59701,0.71496,0.224188,0.0609337
3.98328,7.12989,10.2015,0.95931,1.66365,2.65401,0.622598,0.253464,0.123879
3.99273,7.14925,10.2609,0.987372,1.56976,2.32172,0.644358,0.242447,0.113257
4.07027,7.61888,11.2975,1.08367,1.57647,2.56975,0.671655,0.234928,0.093469
4.02823,6.80306,10.2459,0.979644,1.64289,2.32401,0.590762,0.280175,0.129139
4.047,6.97776,10.256,1.07804,1.68975,2.34962,0.624683,0.274506,0.100893
4.03227,6.97079,10.9794,1.02963,1.77761,2.65781,0.616291,0.279127,0.104546
4.15665,7.48063,11.1106,1.02388,1.55178,2.37106,0.658091,0.245956,0.0959552
3.83775,6.60755,10.3573,0.910417,1.55178,2.42263,0.57273,0.308697,0.11865
4.1053,7.68239,11.0577,1.03778,1.49574,2.61751,0.674505,0.238139,0.0874145
3.96378,7.13251,10.5298,1.00924,1.70507,2.44176,0.615844,0.265574,0.118617
4.08204,7.87829,11.5585,1.06007,1.4988,2.80011,0.696822,0.235279,0.0679285
4.06424,7.32592,11.0531,1.03104,1.53751,2.47496,0.641763,0.26929,0.0889315
4.00339,6.85788,11.1077,1.00147,1.56065,2.29983,0.612103,0.267806,0.120158
3.87779,6.97437,10.0561,0.983934,1.61631,2.6653,0.594655,0.281259,0.124135
4.00014,7.05066,10.7315,0.951602,1.59235,2.39717,0.638693,0.258774,0.102582
4.05236,7.52842,11.0154,1.01191,1.53443,2.52916,0.659958,0.269262,0.0708828
4.02223,6.85562,10.4846,0.983534,1.72135,2.31779,0.622234,0.255919,0.121923
4.01772,7.12345,10.4749,1.01405,1.71068,2.6774,0.615688,0.271908,0.112468
3.94068,7.09379,10.914,1.02034,1.50879,2.33152,0.619516,0.263826,0.116653
3.97813,7.20355,10.2191,1.05713,1.64334,3.12991,0.619339,0.260852,0.119971
4.09131,7.09959,10.2899,1.0376,1.84254,2.57185,0.605899,0.26208,0.132089
4.11095,7.9056,11.5803,1.06629,1.32523,2.04695,0.693087,0.233143,0.0736873
4.12403,7.18286,11.2576,1.06219,1.80397,2.7977,0.640979,0.276338,0.0827439
4.01589,7.23448,10.9918,0.984537,1.53956,2.73279,0.638689,0.270162,0.0912371
4.03834,7.51911,10.7599,1.00491,1.5748,2.46258,0.648413,0.261309,0.0904045
3.9939,6.97863,10.7729,1.01793,1.70679,2.87401,0.635174,0.26609,0.0988984
3.94791,6.50145,10.4618,1.02578,1.81899,2.79887,0.589804,0.288604,0.121636
4.02571,6.97222,10.5253,1.0273,1.61417,2.40082,0.620225,0.265694,0.11398
4.06677,7.08378,10.504,1.0625,1.76074,2.66041,0.623604,0.253295,0.12318
3.93221,6.15816,9.60291,0.928636,1.68857,2.51644,0.541733,0.304873,0.153457
4.0011,6.78732,10.5395,0.970254,1.58739,2.46498,0.587661,0.305108,0.107367
4.01395,7.31762,10.4532,0.989189,1.47341,2.64402,0.636123,0.26375,0.100257
3.88172,7.27386,11.3985,0.99034,1.66887,2.46791,0.628421,0.274369,0.0972663
4.05444,7.37317,10.8328,1.03095,1.52722,2.48599,0.656505,0.256585,0.0870096
4.05838,7.35549,10.2251,0.961686,1.51355,2.90362,0.637927,0.256879,0.105266
3.87507,6.68995,10.2384,0.972716,1.66823,2.44499,0.586772,0.266418,0.146893
4.13051,7.62591,11.3444,1.0473,1.60344,2.9237,0.666664,0.256341,0.0770244
4.04139,7.3965,10.3405,1.01951,1.66066,2.97051,0.623415,0.251058,0.125621
4.00439,7.40676,11.0421,1.04399,1.54298,2.4361,0.663774,0.250233,0.0860582
4.04393,7.18335,10.3705,1.03843,1.63282,2.30779,0.654547,0.232308,0.11316
4.02048,6.53072,10.6304,1.0457,1.83179,2.53916,0.585433,0.304576,0.110048
4.0394,7.5412,11.3419,1.02415,1.52786,2.36501,0.657492,0.259931,0.0826542
4.05256,7.59478,11.1685,1.01679,1.56296,2.64163,0.665379,0.249939,0.0846973
4.0586,7.44485,10.6805,0.997076,1.69579,2.69248,0.666624,0.236063,0.0974014
4.08874,7.63425,11.3215,1.01485,1.4122,2.04314,0.674094,0.251829,0.0740972
3.9623,6.98938,10.3888,0.988558,1.55032,2.20152,0.627013,0.250048,0.122853
3.99892,7.55625,10.8968,0.966732,1.49612,2.38261,0.660446,0.24207,0.0974797
4.00197,7.51795,11.0119,1.10044,1.70259,2.77469,0.644712,0.252132,0.103233
3.94151,6.90818,11.2277,1.06047,1.57758,2.29516,0.621393,0.288978,0.0896536
4.06823,7.54572,11.2537,1.06046,1.69386,2.75239,0.669518,0.24528,0.08527
3.98394,6.48913,10.0826,1.04336,1.84965,2.61942,0.581404,0.283326,0.135385
4.00739,7.63219,11.3969,1.06819,1.60761,2.88266,0.667209,0.2624,0.0704737
4.04984,7.40918,10.5935,0.977522,1.5439,2.95834,0.657831,0.252522,0.0896947
4.03795,7.2091,10.3884,0.987781,1.4988,2.13392,0.639141,0.251228,0.109703
4.08232,7.58125,11.2532,1.06432,1.4894,1.96472,0.672912,0.246122,0.080947
4.03867,7.68777,11.0225,1.05745,1.74198,2.52782,0.660782,0.242841,0.0963594
4.04389,7.24861,10.9767,1.07847,1.6342,2.37991,0.624742,0.275395,0.0999714
3.95594,6.38465,10.2933,0.983778,1.73649,2.29098,0.583428,0.277708,0.138917
4.13715,7.479,10.9808,1.08114,1.74308,2.60674,0.645731,0.240387,0.113785
4.09439,7.29695,10.3145,1.02031,1.55444,2.38013,0.641622,0.250683,0.107663
3.96585,6.12333,9.60147,0.951574,1.89671,2.5364,0.53618,0.278357,0.185592
4.08684,7.40566,11.2548,1.07867,1.54066,2.68879,0.651956,0.275633,0.0724297
4.06814,7.00754,10.6575,1.00833,1.79636,2.64526,0.63158,0.258876,0.109607
3.95767,6.92513,10.7724,0.997613,1.55369,2.26372,0.623609,0.275368,0.101062
3.93331,7.03079,9.94175,0.968711,1.6794,2.67105,0.603669,0.264936,0.131402
3.8712,5.9445,9.50763,0.979074,1.75446,2.15422,0.545431,0.278876,0.175759
4.05838,7.55935,10.3429,1.00277,1.6629,2.63788,0.641763,0.23141,0.12687
3.84227,6.12297,10.061,1.03594,1.69423,2.54432,0.537026,0.320338,0.142883
3.99139,7.68245,10.7793,1.0441,1.58392,2.40692,0.661359,0.243946,0.094815
4.0192,6.52268,9.74526,0.97066,1.80441,2.61758,0.568646,0.293978,0.137388
4.07919,7.24479,10.8469,1.04603,1.7049,2.75916,0.631661,0.266753,0.101681
4.06454,7.34237,10.8645,1.03079,1.77234,2.6261,0.653559,0.243803,0.102503
3.98983,7.12772,10.3249,0.962829,1.74349,2.68971,0.637362,0.23928,0.123439
3.87642,6.19785,10.0497,0.997834,1.70356,2.29176,0.552165,0.294846,0.153101
4.13406,7.45492,10.6354,1.0085,1.64834,2.63048,0.641121,0.252995,0.106015
3.89111,6.56858,10.0964,0.969642,1.64669,2.12719,0.594057,0.264614,0.141481
4.00228,6.97003,10.3521,0.977745,1.52691,2.17118,0.627606,0.253822,0.118587
3.88616,6.04179,9.80392,0.966151,1.78238,2.45905,0.53333,0.308566,0.158129
3.9406,6.55208,10.2802,1.01354,1.61966,2.45843,0.582723,0.28787,0.129498
4.048,7.63149,11.7555,1.00019,1.49479,2.42483,0.662361,0.262666,0.0749995
3.94958,7.41004,11.3393,0.981893,1.72551,2.6606,0.639237,0.273189,0.0876459
4.10314,7.90562,12.0901,1.07959,1.43934,2.69841,0.698925,0.239628,0.0614605
4.02849,6.99786,10.3261,0.978257,1.69013,2.74167,0.600435,0.27749,0.122104
3.96736,7.07947,10.5982,1.01081,1.43826,1.93159,0.649114,0.249091,0.101822
3.93839,6.12005,9.82295,0.968782,1.8259,2.59735,0.533632,0.316546,0.14992
4.04145,7.11662,11.3784,1.05329,1.63903,2.25971,0.644483,0.264039,0.0914511
4.01363,6.56199,10.5754,1.05037,1.75388,2.17818,0.590049,0.280005,0.130019
3.98994,6.72933,10.2453,1.01773,1.65702,2.22829,0.594309,0.295461,0.110261
4.13583,7.81295,11.695,1.07708,1.55139,2.50587,0.690112,0.240557,0.0693029
4.02045,7.53124,11.3627,1.06749,1.56829,2.20288,0.661122,0.2566,0.0823687
3.97633,6.6535,10.351,1.00864,1.79851,2.5438,0.609482,0.262464,0.128058
4.10099,7.18604,10.2341,0.990133,1.58459,2.69712,0.639422,0.242294,0.118315
4.03801,7.43614,10.6921,1.00981,1.63866,2.70745,0.636846,0.264493,0.098675
4.04539,7.60283,11.1896,0.975649,1.58849,2.71475,0.661841,0.246556,0.091636
3.97246,6.47743,9.70249,1.04026,1.88789,2.6796,0.559593,0.281063,0.159473
4.00037,6.60637,10.2302,1.00889,1.74806,2.34676,0.588454,0.263461,0.148065
4.01344,7.23569,10.4598,1.05037,1.64609,2.55444,0.641037,0.248767,0.110247
4.00903,7.1955,10.6094,0.998704,1.61818,2.63805,0.630959,0.268413,0.100665
4.08327,7.62117,11.5549,1.03132,1.52554,2.47545,0.685357,0.23518,0.0794978
4.1342,7.58372,10.8676,1.0463,1.58288,2.97826,0.659554,0.265063,0.0754666
4.01179,6.64493,10.5899,0.987502,1.6917,2.40189,0.602081,0.287539,0.110381
4.14068,8.11077,12.5767,1.08711,1.59669,3.0535,0.706378,0.243996,0.0497159
3.99371,6.47276,10.297,0.99412,1.81879,2.70333,0.56075,0.312237,0.126982
4.06114,7.27363,10.822,1.07375,1.82721,2.89743,0.636673,0.256804,0.106511
3.98653,7.23989,10.4166,1.02107,1.52949,2.45292,0.619394,0.273698,0.106913
3.87972,6.10134,9.74373,0.953217,1.6545,1.97343,0.554061,0.274113,0.171845
4.003,7.06604,11.2149,1.00386,1.76644,2.76447,0.620355,0.28558,0.0940807
3.99078,6.98815,10.4331,1.01464,1.71262,2.6803,0.618976,0.271416,0.109661
4.06278,7.75144,10.9558,1.03408,1.55454,2.85062,0.651341,0.262041,0.0867132
4.08603,7.70677,11.5654,1.05905,1.55626,2.74142,0.690781,0.250277,0.0589607
4.07658,7.90007,11.5641,1.03644,1.325,2.40537,0.690444,0.236705,0.0728811
3.99645,6.84649,10.5137,1.04191,1.77897,2.72122,0.600983,0.276997,0.122004
3.94223,6.53746,10.2128,1.0293,1.68892,2.17114,0.576587,0.28642,0.136982
4.09108,7.46509,10.8041,1.00714,1.55269,2.68615,0.662178,0.249806,0.088046
4.10623,7.50525,10.8101,1.03909,1.66877,2.63524,0.654046,0.248598,0.0973127
3.98911,7.29648,10.4721,1.01157,1.7176,2.66415,0.618708,0.274298,0.106985
3.98872,7.35235,10.552,0.997802,1.59451,2.56071,0.639784,0.266579,0.093635
4.10364,6.38244,10.5757,1.0208,1.84476,2.47241,0.595177,0.298823,0.105992
4.05163,7.53677,11.7126,1.00973,1.51577,2.65923,0.665748,0.265696,0.0685615
4.03717,7.35121,11.0424,0.99182,1.55464,2.58686,0.648925,0.25699,0.0941484
3.99366,7.20152,11.3716,1.02261,1.6314,2.22156,0.651059,0.255777,0.0931939
3.96249,7.33196,10.7342,0.96836,1.40589,2.20259,0.662605,0.242943,0.0944451
3.97989,6.80275,10.0082,0.985377,1.60401,2.37875,0.575118,0.282438,0.142538
4.04171,6.88682,10.66,1.02262,1.69087,2.11067,0.624839,0.270435,0.104772
3.99963,6.24001,10.1854,0.984174,1.86947,2.70873,0.559652,0.307111,0.133265
3.93191,6.70738,10.3163,0.981442,1.59838,2.35851,0.581838,0.279623,0.138493
4.16229,6.99267,10.1644,0.985933,1.73444,2.56716,0.614095,0.254552,0.131414
3.95438,6.69681,10.0185,0.981826,1.62181,2.45786,0.581203,0.277315,0.141554
3.97725,6.89039,10.0759,0.982566,1.67636,2.58606,0.60192,0.265847,0.132263
3.97842,6.84409,10.5972,1.01704,1.74788,2.57902,0.614632,0.273726,0.111684
3.9623,6.64795,10.3301,1.01625,1.56015,2.18954,0.604581,0.280165,0.115411
4.10648,7.69382,11.8988,1.13526,1.74469,2.86248,0.675569,0.259832,0.0646949
4.02977,6.93734,10.8648,1.05821,1.82938,2.33827,0.635841,0.261224,0.102966
4.09192,7.1801,10.7506,1.05166,1.64823,2.68097,0.648217,0.264527,0.087339
3.99692,6.98351,10.6094,1.05339,1.80004,2.75761,0.635059,0.252234,0.112793
3.98909,6.94408,10.3931,0.994978,1.62008,2.571,0.615674,0.277127,0.107299
3.89983,6.64152,10.2297,1.02201,1.52265,2.02414,0.591721,0.272811,0.135467
3.98267,6.59308,9.78747,0.997933,1.59004,2.28523,0.585052,0.28388,0.131187
4.00935,7.34926,10.5922,1.04711,1.78299,2.87644,0.616898,0.27133,0.111796
4.0019,7.36902,10.3715,1.03489,1.61943,2.81369,0.643647,0.264775,0.0915636
4.08955,7.63886,11.1884,1.04358,1.76991,2.86343,0.671497,0.234357,0.0941735
3.98923,7.18373,11.4024,1.04009,1.55815,2.11018,0.631753,0.278941,0.0894285
4.01559,7.66881,11.2662,1.04009,1.48338,2.15786,0.673027,0.230242,0.0967629
3.92409,6.8676,10.5144,0.963097,1.57044,2.48153,0.60493,0.270657,0.124455
4.05563,7.55149,11.2862,1.03483,1.50117,1.99589,0.681461,0.233153,0.0854854
4.01108,7.05045,10.841,1.00066,1.57725,2.67623,0.631622,0.275057,0.0932548
4.09633,7.3713,11.8333,1.03575,1.41989,1.87881,0.669258,0.263269,0.0675421
4.00252,6.91795,9.92019,1.01767,1.58118,2.44397,0.612635,0.273595,0.113799
3.9705,7.2207,10.7294,1.01331,1.58855,2.45741,0.642514,0.253554,0.103946
4.02815,7.03193,10.3114,0.993731,1.74999,3.01896,0.593453,0.295015,0.111551
3.9303,6.30657,9.84375,0.993568,1.79025,2.49824,0.56063,0.283942,0.155509
4.0022,6.6391,10.745,1.03634,1.78347,2.45343,0.598598,0.28246,0.118933
4.04094,7.38344,11.3144,1.06181,1.68436,2.61499,0.650673,0.2747,0.074616
3.97295,6.07685,9.84363,0.96554,1.91189,2.50887,0.539214,0.30649,0.154298
3.98259,7.30372,10.2565,1.00891,1.68301,2.41377,0.624461,0.244227,0.1314
3.98428,7.53114,10.7862,0.995627,1.56597,3.18825,0.663926,0.251922,0.0842466
4.0744,7.8948,11.7789,1.0581,1.40516,2.00368,0.709582,0.217472,0.073029
4.05877,6.91326,10.4842,1.04232,1.65584,2.16102,0.636486,0.250462,0.112988
4.12217,7.27922,10.7198,1.04552,1.62219,2.52283,0.638651,0.264997,0.0964516
3.98621,6.27573,9.65512,0.955038,1.75849,2.345,0.578265,0.257208,0.16454
3.99926,7.51233,10.5324,0.98186,1.51709,2.15841,0.673605,0.225222,0.101173
4.12144,7.89364,12.532,1.05124,1.46191,1.54606,0.672705,0.2702,0.05721
4.08782,7.65519,11.1655,0.999696,1.66772,2.70594,0.653783,0.255361,0.0909363
3.96716,6.51971,9.89171,1.00963,1.70628,2.33312,0.567498,0.283371,0.149144
3.98071,6.87776,10.2198,0.933939,1.69465,2.80325,0.612814,0.258756,0.128451
4.05207,7.06024,10.5309,1.12435,1.71548,2.30246,0.618445,0.263616,0.117944
4.04722,7.11895,10.4914,0.981118,1.45404,2.14518,0.64948,0.237519,0.113016
4.01238,7.00774,10.5332,1.09809,1.77697,2.60981,0.613836,0.26749,0.118728
4.02637,7.66121,10.9611,1.01429,1.54465,2.90106,0.671399,0.256175,0.0725232
3.92676,6.18094,9.99871,0.989255,1.60202,2.11284,0.558016,0.302127,0.13994
4.13493,7.77518,11.2858,1.08364,1.65957,2.47557,0.671452,0.242085,0.0865
3.85515,6.72538,10.2029,1.00292,1.61749,2.22653,0.606305,0.262406,0.131322
3.91568,6.94322,10.292,0.968676,1.57113,2.27883,0.596254,0.286276,0.11756
4.09251,7.13846,10.5434,1.04054,1.5833,2.29396,0.626829,0.270899,0.102276
3.91284,6.90701,10.2463,0.992134,1.60769,2.30481,0.620357,0.25698,0.122672
3.90771,7.09108,10.3601,1.0422,1.50192,2.20345,0.622512,0.27623,0.10127
4.0905,7.2068,10.3636,1.06303,1.73685,2.61375,0.639374,0.262935,0.0977629
3.96651,6.62334,10.903,1.04185,1.62799,2.28699,0.586147,0.30122,0.112738
4.09907,7.55008,11.3057,1.0077,1.32858,2.05784,0.668602,0.249064,0.0823909
4.0675,7.62707,11.2992,0.972028,1.62382,2.85878,0.660209,0.263301,0.0765968
3.92215,6.76283,10.335,0.949666,1.6237,2.55609,0.587707,0.288517,0.123811
4.09377,7.51431,10.6357,1.05544,1.5042,2.42065,0.664089,0.237636,0.0982858
4.0161,6.58444,10.2763,1.07175,1.75092,2.41109,0.595335,0.280376,0.124308
3.95426,7.11652,10.7528,1.06852,1.63157,2.49916,0.641061,0.272116,0.0868432
4.03854,7.45254,10.3918,0.990731,1.69393,2.39043,0.651221,0.244486,0.10433
4.02369,7.21196,10.3329,1.01664,1.63517,2.59657,0.620577,0.264421,0.114934
4.00464,6.48673,10.4193,1.00669,1.76214,2.6296,0.558406,0.309894,0.131701
3.98489,6.83966,9.93383,0.918738,1.58886,2.48522,0.586882,0.277824,0.135352
4.05361,7.27173,11.3415,1.0085,1.5604,2.07131,0.651711,0.255157,0.0932229
3.95584,6.42746,10.2784,1.0011,1.77478,2.35112,0.594297,0.269475,0.136245
4.04843,7.24351,10.5665,1.10375,1.59347,2.40055,0.628814,0.268381,0.102782
4.00653,7.18906,10.0602,1.00183,1.5971,2.90847,0.621796,0.269275,0.109025
3.95366,7.35416,10.3458,0.984027,1.5901,2.75179,0.636405,0.248123,0.115533
3.91957,7.23806,10.7574,1.05945,1.82939,2.96468,0.62627,0.27547,0.0982705
3.94918,6.76993,9.88425,0.996083,1.62415,2.69777,0.589515,0.290925,0.119585
3.92238,6.19785,9.75568,0.997333,1.68023,2.23178,0.552355,0.284184,0.163544
4.00112,7.29818,10.517,0.958227,1.57791,2.47277,0.635027,0.246606,0.118515
4.00869,7.03962,11.2135,1.09096,1.71402,2.41731,0.634315,0.273151,0.0925234
4.02754,7.04251,10.363,0.995336,1.62974,2.65405,0.628454,0.259684,0.111954
4.1872,7.77186,11.4885,1.06403,1.40694,2.17567,0.683093,0.24417,0.0725888
4.01432,7.67252,11.1188,1.05073,1.50184,2.55187,0.667387,0.235796,0.0968591
3.98095,6.85705,10.4225,0.981721,1.66351,2.32291,0.620512,0.255872,0.123628
4.08464,7.6083,11.4153,1.00094,1.6106,2.66862,0.655062,0.25995,0.0850311
4.04655,7.5589,11.3396,1.08734,1.66303,2.37174,0.677163,0.243608,0.0792495
3.98972,7.13204,9.934,0.949228,1.53259,2.38535,0.618034,0.265425,0.116503
4.10054,7.60086,11.6238,1.05909,1.53725,2.43339,0.671023,0.260471,0.0685332
3.94144,6.87783,10.6265,0.960443,1.60223,2.42443,0.624455,0.259171,0.11646
4.08646,7.68765,11.5978,1.05666,1.7223,3.07682,0.681986,0.2419,0.0762596
3.98838,6.24168,9.85658,0.970458,1.79827,2.52874,0.547436,0.311022,0.141565
3.8926,7.0623,10.5079,1.01467,1.65471,2.61247,0.623229,0.26848,0.108329
3.99055,6.92312,10.5608,1.02752,1.77791,2.63362,0.597296,0.281477,0.121219
3.99298,7.3009,11.1199,1.01235,1.64159,2.49861,0.63603,0.280451,0.0835242
3.94368,6.34413,10.6808,1.02502,1.64943,2.54903,0.574904,0.301787,0.123416
4.0997,7.34207,10.5701,1.03178,1.65994,2.39292,0.655334,0.22794,0.116638
4.03083,7.19672,10.8666,1.02095,1.6039,2.37012,0.636385,0.265621,0.0980715
3.95475,7.17714,10.6523,1.05512,1.55409,2.39969,0.632566,0.263046,0.104415
